CRASH_ID,SER_NO,CRASH_DT,CRASH_MO_NO,CRASH_DAY_NO,CRASH_YR_NO,CRASH_WK_DAY_CD,CRASH_HR_NO,CRASH_HR_SHORT_DESC,CNTY_ID,CNTY_NM,CITY_SECT_ID,CITY_SECT_NM,URB_AREA_CD,URB_AREA_SHORT_NM,FC_CD,FC_SHORT_DESC,NHS_FLG,HWY_NO,HWY_SFX_NO,HWY_MED_NM,RDWY_NO,HWY_COMPNT_CD,HWY_COMPNT_SHORT_DESC,MLGE_TYP_CD,MLGE_TYP_SHORT_DESC,RD_CON_NO,LRS_VAL,LAT_DEG_NO,LAT_MINUTE_NO,LAT_SEC_NO,LONGTD_DEG_NO,LONGTD_MINUTE_NO,LONGTD_SEC_NO,LAT_DD,LONGTD_DD,AGY_ST_NO,ST_FULL_NM,ISECT_AGY_ST_NO,ISECT_ST_FULL_NM,ISECT_SEQ_NO,CMPSS_DIR_CD,MP_NO,POST_SPEED_LMT_VAL,RD_CHAR_CD,RD_CHAR_SHORT_DESC,OFF_RDWY_FLG,ISECT_TYP_CD,ISECT_TYP_SHORT_DESC,ISECT_REL_FLG,RNDABT_FLG,DRVWY_REL_FLG,LN_QTY,TURNG_LEG_QTY,MEDN_TYP_CD,MEDN_TYP_SHORT_DESC,IMPCT_LOC_CD,CRASH_TYP_CD,CRASH_TYP_SHORT_DESC,COLLIS_TYP_CD,COLLIS_TYP_SHORT_DESC,CRASH_SVRTY_CD,CRASH_SVRTY_SHORT_DESC,WTHR_COND_CD,WTHR_COND_SHORT_DESC,RD_SURF_COND_CD,RD_SURF_SHORT_DESC,LGT_COND_CD,LGT_COND_SHORT_DESC,TRAF_CNTL_DEVICE_CD,TRAF_CNTL_DEVICE_SHORT_DESC,TRAF_CNTL_FUNC_FLG,INVSTG_AGY_CD,INVSTG_AGY_SHORT_DESC,CRASH_EVNT_1_CD,CRASH_EVNT_1_SHORT_DESC,CRASH_EVNT_2_CD,CRASH_EVNT_2_SHORT_DESC,CRASH_EVNT_3_CD,CRASH_EVNT_3_SHORT_DESC,CRASH_CAUSE_1_CD,CRASH_CAUSE_1_SHORT_DESC,CRASH_CAUSE_2_CD,CRASH_CAUSE_2_SHORT_DESC,CRASH_CAUSE_3_CD,CRASH_CAUSE_3_SHORT_DESC,SCHL_ZONE_IND,WRK_ZONE_IND,ALCHL_INVLV_FLG,DRUG_INVLV_FLG,MJ_INVLV_FLG,CRASH_SPEED_INVLV_FLG,CRASH_HIT_RUN_FLG,POP_RNG_CD,POP_RNG_MED_DESC,RD_CNTL_CD,RD_CNTL_MED_DESC,RTE_TYP_CD,RTE_ID,RTE_NM,REG_ID,DIST_ID,SEG_MRK_ID,SEG_PT_LRS_MEAS,UNLOCT_FLG,CRASH_LAST_UD_DT,TOT_VHCL_CNT,TOT_FATAL_CNT,TOT_INJ_LVL_A_CNT,TOT_INJ_LVL_B_CNT,TOT_INJ_LVL_C_CNT,TOT_INJ_CNT,TOT_UNINJD_AGE00_04_CNT,TOT_UNINJD_PER_CNT,TOT_PED_CNT,TOT_PED_FATAL_CNT,TOT_PED_INJ_LVL_A_CNT,TOT_PED_INJ_CNT,TOT_PEDCYCL_CNT,TOT_PEDCYCL_FATAL_CNT,TOT_PEDCYCL_INJ_LVL_A_CNT,TOT_PEDCYCL_INJ_CNT,TOT_UNKNWN_CNT,TOT_UNKNWN_FATAL_CNT,TOT_UNKNWN_INJ_CNT,TOT_OCCUP_CNT,TOT_PER_INVLV_CNT,TOT_SFTY_EQUIP_USED_QTY,TOT_SFTY_EQUIP_UNUSED_QTY,TOT_SFTY_EQUIP_USE_UNKNWN_QTY,TOT_PSNGR_VHCL_OCC_UNRESTRND_FATAL_CNT,TOT_MCYCLST_FATAL_CNT,TOT_MCYCLST_INJ_LVL_A_CNT,TOT_MCYCLST_INJ_CNT,TOT_MCYCLST_UNHELMTD_FATAL_CNT,TOT_ALCHL_IMPAIRED_DRVR_INV_FATAL_CNT,TOT_DRVR_AGE_01_20_CNT,LANE_RDWY_DPRT_CRASH_FLG
1790398,133,2019-01-04,1,4,2019,6,7,7A,26,Multnomah,247,Portland SW,57,PORTLAND UA,17,U MJ-COL,0,NA,NA,NA,NA,NA,NA,NA,NA,NA,NA,45,31,3.4,-122,40,54.06,45.5176111111107,-122.681683333333,01906,SW PARK AVE,02205,SW SALMON ST,1,8,NA,NA,1,INTER,0,1,CROSS,0,0,0,NA,0,NA,NA,5,3,PED,0,PED,2,FAT,2,CLD,1,DRY,2,DLIT,4,STOP SIGN,1,3,CITY,NA,NA,NA,NA,NA,NA,2,NO-YIELD,NA,NA,NA,NA,0,0,0,0,0,0,0,9,"Over 200,000",1,PORTLAND CITY STREET,NA,NA,NA,1,02B,58_139020,NA,0,2021-01-27T16:26:15Z,1,1,0,0,0,0,0,1,1,1,0,0,0,0,0,0,0,0,0,1,2,0,0,1,0,0,0,0,0,0,0,N
1790399,132,2019-01-05,1,5,2019,7,14,2P,26,Multnomah,243,Portland NE,57,PORTLAND UA,16,U MN-ART,0,NA,NA,NA,NA,NA,NA,NA,NA,NA,NA,45,33,11.57,-122,29,15.72,45.553213888888,-122.487699999999,00171,NE AIRPORT WAY,01619,NE MASON CT,1,4,NA,NA,5,CURVE,1,NA,NA,0,0,0,4,NA,2,DIVMD,7,3,PED,0,PED,2,FAT,2,CLD,1,DRY,1,DAY,99,UNKNOWN,1,3,CITY,NA,NA,NA,NA,NA,NA,10,OTHR-IMP,NA,NA,NA,NA,0,0,0,1,0,0,0,9,"Over 200,000",1,PORTLAND CITY STREET,NA,NA,NA,1,02B,58_500611,NA,0,2021-05-05T19:00:50Z,1,1,0,0,0,0,0,1,1,1,0,0,0,0,0,0,0,0,0,1,2,0,0,1,0,0,0,0,0,0,0,Y
1790403,50,2019-01-06,1,6,2019,1,5,5A,20,Lane,200,Springfield,25,EUGN-SPR UA,14,U PR-ART,1,NA,NA,NA,NA,NA,NA,NA,NA,NA,NA,44,2,43.87,-123,2,24.18,44.0455194444443,-123.040049999999,00128,FRANKLIN BLVD,00122,HENDERSON AVE,1,7,NA,NA,5,CURVE,1,NA,NA,0,0,0,4,NA,0,NONE,7,8,FIX OBJ,9,FIX,2,FAT,0,UNK,0,UNK,2,DLIT,99,UNKNOWN,1,3,CITY,62,TREE,87,FIRE/EXP,NA,NA,1,TOO-FAST,NA,NA,NA,NA,NA,NA,0,1,0,1,0,7,"50,001 to 100,000",3,URBAN CITY STREET,NA,NA,NA,2,05,277_9410,NA,0,2021-05-05T14:21:32Z,1,1,0,0,0,0,0,0,0,0,0,0,0,0,0,0,0,0,0,1,1,0,1,0,1,0,0,0,0,0,0,Y
1790406,95,2019-01-17,1,17,2019,5,17,5P,20,Lane,NA,NA,25,EUGN-SPR UA,17,U MJ-COL,0,NA,NA,NA,NA,NA,NA,NA,NA,NA,NA,44,6,12.31,-123,7,36.32,44.103419444444,-123.126755555555,332000,HUNSAKER LN-BEAVER,333100,YVONNE ST,1,7,0.22,35,3,STRGHT,0,NA,NA,0,0,0,2,NA,0,NONE,0,3,PED,0,PED,2,FAT,3,RAIN,2,WET,2,DLIT,0,NONE,1,2,COUNTY,NA,NA,NA,NA,NA,NA,18,IN RDWY,NA,NA,NA,NA,0,0,1,0,0,0,0,NA,NA,9,SUBURBAN COUNTY ROAD,NA,NA,NA,2,05,277_29790,NA,0,2021-05-06T11:12:46Z,1,1,0,0,0,0,0,1,1,1,0,0,0,0,0,0,0,0,0,1,2,1,0,0,0,0,0,0,0,0,0,N
1790412,397,2019-01-25,1,25,2019,6,7,7A,3,Clackamas,NA,NA,NA,NA,6,R MN-ART,0,NA,NA,NA,NA,NA,NA,NA,NA,NA,NA,45,26,4.6,-122,19,53.79,45.4346111111103,-122.331608333333,14004,SE REVENUE RD,NA,"
    ",NA,1,0,NA,1,INTER,1,3,3-LEG,0,0,0,NA,0,NA,NA,5,8,FIX OBJ,9,FIX,2,FAT,2,CLD,1,DRY,0,UNK,4,STOP SIGN,1,2,COUNTY,79,DITCH,86,IMMERSED,10,SUB OTRN,8,IMP-TURN,NA,NA,NA,NA,0,0,1,0,0,0,0,NA,NA,6,RURAL COUNTY ROAD,NA,NA,NA,1,02C,58_303834,NA,0,2021-05-05T14:46:31Z,1,1,0,0,0,0,0,0,0,0,0,0,0,0,0,0,0,0,0,1,1,0,1,0,1,0,0,0,0,1,0,N
1790416,69,2019-01-15,1,15,2019,3,9,9A,30,Umatilla,NA,NA,33,HERMSTON UA,17,U MJ-COL,0,NA,NA,NA,NA,NA,NA,NA,NA,NA,NA,45,48,21.71,-119,17,14.82,45.806030555555,-119.287449999999,01000A,FEEDVILLE RD,NA,"
    ",NA,0,24.92,NA,3,STRGHT,1,NA,NA,0,0,0,2,NA,0,NONE,7,8,FIX OBJ,9,FIX,2,FAT,2,CLD,1,DRY,1,DAY,0,NONE,1,3,CITY,121,FENCE,52,POLE UNK,10,SUB OTRN,1,TOO-FAST,NA,NA,NA,NA,0,0,0,1,0,1,0,NA,NA,9,SUBURBAN COUNTY ROAD,NA,NA,NA,5,12,40_30001548,NA,0,2021-05-05T22:14:45Z,1,1,0,0,0,0,0,0,0,0,0,0,0,0,0,0,0,0,0,1,1,1,0,0,0,0,0,0,0,0,0,Y
1790948,550,2019-02-01,2,1,2019,6,14,2P,34,Washington,92,Hillsboro,57,PORTLAND UA,14,U PR-ART,1,NA,NA,NA,NA,NA,NA,NA,NA,NA,NA,45,31,51.26,-122,57,11.07,45.5309055555547,-122.953075,00405,NE CORNELL RD,05028,NE 28TH AVE,1,3,NA,45,5,CURVE,0,NA,NA,0,0,0,4,NA,0,NONE,7,G,O-STRGHT,2,HEAD,2,FAT,3,RAIN,2,WET,1,DAY,0,NONE,1,3,CITY,NA,NA,NA,NA,NA,NA,30,SPEED,5,LEFT-CTR,NA,NA,0,0,0,0,0,1,0,8,"100,001 to 200,000",3,URBAN CITY STREET,NA,NA,NA,1,02B,58_202514,NA,0,2021-05-06T09:46:37Z,2,1,0,1,1,2,0,0,0,0,0,0,0,0,0,0,0,0,0,3,3,2,1,0,1,0,0,0,0,0,1,Y
1790996,1556,2019-02-02,2,2,2019,7,0,12A,26,Multnomah,245,Portland SE,57,PORTLAND UA,14,U PR-ART,1,NA,NA,NA,NA,NA,NA,NA,NA,NA,NA,45,30,14.61,-122,31,47.8,45.504058333333,-122.529944444444,00614,SE DIVISION ST,05130,SE 130TH AVE,1,7,NA,30,1,INTER,0,1,CROSS,0,0,0,NA,0,NA,NA,6,3,PED,0,PED,2,FAT,2,CLD,2,WET,2,DLIT,1,TRF SIGNAL,1,3,CITY,NA,NA,NA,NA,NA,NA,4,DIS SIG,NA,NA,NA,NA,0,0,1,0,0,0,1,9,"Over 200,000",1,PORTLAND CITY STREET,NA,NA,NA,1,02B,58_120279,NA,0,2021-05-05T19:47:56Z,1,1,0,0,0,0,0,1,1,1,0,0,0,0,0,0,0,0,0,1,2,0,0,1,0,0,0,0,0,0,0,N
1790997,540,2019-02-02,2,2,2019,7,18,6P,24,Marion,NA,NA,NA,NA,8,R MN-COL,0,NA,NA,NA,NA,NA,NA,NA,NA,NA,NA,45,14,51.43,-122,53,17.65,45.2476194444443,-122.88823611111,00012,CHAMPOEG RD NE,NA,"
    ",NA,0,2.87,NA,7,GRADE,1,NA,NA,0,0,0,2,NA,0,NONE,7,8,FIX OBJ,9,FIX,2,FAT,1,CLR,1,DRY,3,DARK,99,UNKNOWN,1,2,COUNTY,62,TREE,121,FENCE,128,CURVE INV,10,OTHR-IMP,NA,NA,NA,NA,0,0,1,0,0,0,0,NA,NA,6,RURAL COUNTY ROAD,NA,NA,NA,2,03,53_190184,NA,0,2021-05-05T16:44:47Z,1,1,0,0,0,0,0,0,0,0,0,0,0,0,0,0,0,0,0,1,1,1,0,0,0,0,0,0,0,1,0,Y
1791000,669,2019-02-08,2,8,2019,6,20,8P,24,Marion,NA,NA,NA,NA,6,R MN-ART,0,NA,NA,NA,NA,NA,NA,NA,NA,NA,NA,45,3,42.17,-122,58,53.74,45.061713888888,-122.981594444444,00036,RIVER RD NE,NA,"
    ",NA,0,4.08,55,3,STRGHT,0,NA,NA,0,0,0,2,NA,0,NONE,5,G,O-STRGHT,2,HEAD,2,FAT,3,RAIN,2,WET,3,DARK,0,NONE,1,2,COUNTY,87,FIRE/EXP,NA,NA,NA,NA,5,LEFT-CTR,NA,NA,NA,NA,0,0,0,1,0,0,0,NA,NA,6,RURAL COUNTY ROAD,NA,NA,NA,2,03,53_10010749,NA,0,2021-05-05T16:47:35Z,2,1,0,1,0,1,0,0,0,0,0,0,0,0,0,0,0,0,0,2,2,2,0,0,0,0,0,0,0,0,1,Y
1791005,130,2019-02-11,2,11,2019,2,13,1P,2,Benton,NA,NA,NA,NA,7,R MJ-COL,0,NA,NA,NA,NA,NA,NA,NA,NA,NA,NA,44,21,0.32,-123,34,45.95,44.350088888888,-123.579430555555,48200,SOUTH FORK RD,NA,"
    ",NA,0,1.79,NA,7,GRADE,1,NA,NA,0,0,0,2,NA,0,NONE,1,8,FIX OBJ,9,FIX,2,FAT,3,RAIN,2,WET,1,DAY,99,UNKNOWN,1,2,COUNTY,79,DITCH,126,BOULDER,128,CURVE INV,10,OTHR-IMP,NA,NA,NA,NA,0,0,0,0,0,0,0,NA,NA,6,RURAL COUNTY ROAD,NA,NA,NA,2,04,9_4645,NA,0,2021-05-05T14:29:07Z,1,1,0,0,0,0,0,0,0,0,0,0,0,0,0,0,0,0,0,1,1,0,1,0,1,0,0,0,0,0,0,Y
1791009,36,2019-02-13,2,13,2019,4,10,10A,9,Deschutes,NA,NA,NA,NA,6,R MN-ART,0,NA,NA,NA,NA,NA,NA,NA,NA,NA,NA,44,10,38.68,-121,17,13.55,44.1774111111107,-121.28709722222101,02156,OLD REDMOND-BEND HWY,08584,JOURNEY DR,1,1,NA,55,5,CURVE,1,NA,NA,0,0,0,2,NA,0,NONE,1,8,FIX OBJ,9,FIX,2,FAT,1,CLR,1,DRY,1,DAY,99,UNKNOWN,1,2,COUNTY,121,FENCE,62,TREE,NA,NA,10,OTHR-IMP,NA,NA,NA,NA,0,0,0,0,0,0,0,NA,NA,6,RURAL COUNTY ROAD,NA,NA,NA,4,10,11_10005423,NA,0,2021-05-05T18:50:42Z,1,1,0,0,0,0,0,0,0,0,0,0,0,0,0,0,0,0,0,1,1,1,0,0,0,0,0,0,0,0,0,Y
1791018,350,2019-02-16,2,16,2019,7,4,4A,22,Linn,NA,NA,NA,NA,6,R MN-ART,0,NA,NA,NA,NA,NA,NA,NA,NA,NA,NA,44,16,47.19,-123,5,18.1,44.2797749999997,-123.08836111111,00014,DIAMOND HILL DR,NA,"
    ",NA,0,4.35,NA,3,STRGHT,1,NA,NA,0,0,0,2,NA,0,NONE,0,8,FIX OBJ,9,FIX,2,FAT,1,CLR,1,DRY,3,DARK,99,UNKNOWN,1,2,COUNTY,37,CULVERT,79,DITCH,NA,NA,10,OTHR-IMP,NA,NA,NA,NA,NA,NA,0,1,0,0,0,NA,NA,6,RURAL COUNTY ROAD,NA,NA,NA,2,04,19_43001064,NA,0,2021-05-05T15:38:41Z,1,1,0,0,1,1,0,0,0,0,0,0,0,0,0,0,0,0,0,2,2,1,0,1,0,0,0,0,0,0,0,Y
1791027,10,2019-02-15,2,15,2019,6,17,5P,32,Wallowa,62,Enterprise,NA,NA,2,R PR-ART,1,10,"
    ",WALLOWA LAKE,1,0,MN,0,R,NA,001000100S00,45,25,37.14,-117,17,6.53,45.4269833333327,-117.285147222221,01002,HOLMES ST,02601,WALLOWA LAKE HY,1,7,64.64,25,1,INTER,0,1,CROSS,0,0,0,NA,0,NA,NA,5,3,PED,0,PED,2,FAT,3,RAIN,3,SNO,2,DLIT,4,STOP SIGN,1,3,CITY,NA,NA,NA,NA,NA,NA,2,NO-YIELD,NA,NA,NA,NA,0,0,0,0,0,0,0,2,"1,001 to 2,500",5,RURAL HWY SYSTEM,NA,NA,NA,5,13,293_16461,NA,0,2021-05-05T23:30:52Z,1,1,0,0,1,1,0,1,2,1,0,1,0,0,0,0,0,0,0,1,3,0,0,1,0,0,0,0,0,0,0,N
1791042,258,2019-02-20,2,20,2019,4,18,6P,22,Linn,4,Albany,1,ALBANY UA,16,U MN-ART,0,NA,NA,NA,NA,NA,NA,NA,NA,NA,NA,44,36,36.57,-123,6,2.7,44.610158333333,-123.10075,05034,34TH AVE,00803,FERRY ST,1,3,NA,35,3,STRGHT,1,NA,NA,0,0,0,4,NA,1,RSDMD,0,8,FIX OBJ,9,FIX,2,FAT,3,RAIN,2,WET,2,DLIT,99,UNKNOWN,1,3,CITY,62,TREE,132,WINDOW HID,NA,NA,32,CARELESS,NA,NA,NA,NA,NA,NA,0,1,0,0,0,7,"50,001 to 100,000",3,URBAN CITY STREET,NA,NA,NA,2,04,19_43000495,NA,0,2021-05-05T16:11:23Z,1,1,0,0,0,0,0,0,0,0,0,0,0,0,0,0,0,0,0,1,1,1,0,0,0,0,0,0,0,0,0,Y
1791047,2013,2019-03-01,3,1,2019,6,7,7A,26,Multnomah,245,Portland SE,57,PORTLAND UA,17,U MJ-COL,0,NA,NA,NA,NA,NA,NA,NA,NA,NA,NA,45,29,24.08,-122,34,6.98,45.4900222222213,-122.568605555555,01055,SE HOLGATE BLVD,05092,SE 92ND AVE,1,3,NA,NA,1,INTER,0,1,CROSS,0,0,0,NA,0,NA,NA,6,3,PED,0,PED,2,FAT,2,CLD,1,DRY,1,DAY,1,TRF SIGNAL,1,3,CITY,NA,NA,NA,NA,NA,NA,4,DIS SIG,NA,NA,NA,NA,0,0,0,1,0,0,0,9,"Over 200,000",1,PORTLAND CITY STREET,NA,NA,NA,1,02B,58_184562,NA,0,2021-05-05T19:56:08Z,1,1,0,0,0,0,0,1,1,1,0,0,0,0,0,0,0,0,0,1,2,0,0,1,0,0,0,0,0,0,0,N
1791086,880,2019-03-08,3,8,2019,6,99,UNK,24,Marion,NA,NA,NA,NA,7,R MJ-COL,0,NA,NA,NA,NA,NA,NA,NA,NA,NA,NA,44,45,2.94,-123,2,26.58,44.750816666666,-123.040716666666,00039A,TALBOT RD SE,NA,"
    ",NA,0,5.85,NA,5,CURVE,0,NA,NA,0,0,0,2,NA,0,NONE,3,&,OVERTURN,8,NCOL,2,FAT,6,SNOW,2,WET,3,DARK,99,UNKNOWN,1,2,COUNTY,1,FEL/JUMP,NA,NA,NA,NA,1,TOO-FAST,NA,NA,NA,NA,0,0,1,1,0,1,0,NA,NA,6,RURAL COUNTY ROAD,NA,NA,NA,2,04,53_10008780,NA,0,2021-05-05T16:51:12Z,1,2,0,0,0,0,0,0,0,0,0,0,0,0,0,0,0,0,0,2,2,0,2,0,0,2,0,0,1,2,0,Y
1791094,99999,2019-03-07,3,7,2019,5,19,7P,8,Curry,NA,NA,NA,NA,7,R MJ-COL,0,NA,NA,NA,NA,NA,NA,NA,NA,NA,NA,42,1,52.63,-124,10,14.72,42.0312861111107,-124.170755555555,00896,WINCHUCK RIVER RD,NA,"
    ",NA,0,4.52,NA,7,GRADE,1,NA,NA,0,0,0,2,NA,0,NONE,1,8,FIX OBJ,9,FIX,2,FAT,1,CLR,1,DRY,5,DUSK,99,UNKNOWN,1,2,COUNTY,62,TREE,1,FEL/JUMP,NA,NA,10,OTHR-IMP,NA,NA,NA,NA,0,0,1,1,0,0,0,NA,NA,6,RURAL COUNTY ROAD,NA,NA,NA,3,07,42_8005780,NA,0,2021-05-05T18:41:42Z,1,1,0,1,0,1,0,0,0,0,0,0,0,0,0,0,0,0,0,2,2,0,2,0,0,0,0,0,0,0,0,Y
1791098,347,2019-03-08,3,8,2019,6,7,7A,22,Linn,NA,NA,39,LEBANON UA,17,U MJ-COL,0,NA,NA,NA,NA,NA,NA,NA,NA,NA,NA,44,30,1.63,-122,52,24.51,44.500452777777,-122.873475,00031,SODAVILLE RD,NA,"
    ",NA,9,0.35,55,1,INTER,0,1,CROSS,0,0,0,NA,0,NA,NA,4,B,ANGL-OTH,1,ANGL,2,FAT,2,CLD,2,WET,4,DAWN,4,STOP SIGN,1,2,COUNTY,128,CURVE INV,NA,NA,NA,NA,3,PAS-STOP,NA,NA,NA,NA,NA,NA,0,1,1,0,0,NA,NA,9,SUBURBAN COUNTY ROAD,NA,NA,NA,2,04,19_43008488,NA,0,2021-05-05T14:38:09Z,2,1,0,0,0,0,0,2,0,0,0,0,0,0,0,0,0,0,0,3,3,3,0,0,0,0,0,0,0,0,0,N
1791106,472,2019-03-14,3,14,2019,5,6,6A,22,Linn,NA,NA,NA,NA,7,R MJ-COL,0,NA,NA,NA,NA,NA,NA,NA,NA,NA,NA,44,21,45.83,-123,11,41.38,44.362730555555,-123.194827777777,00002,PEORIA RD,NA,"
    ",NA,0,15.13,55,3,STRGHT,0,NA,NA,0,0,0,2,NA,0,NONE,5,G,O-STRGHT,2,HEAD,2,FAT,5,FOG,1,DRY,4,DAWN,99,UNKNOWN,1,2,COUNTY,NA,NA,NA,NA,NA,NA,5,LEFT-CTR,NA,NA,NA,NA,0,0,0,1,0,0,0,NA,NA,6,RURAL COUNTY ROAD,NA,NA,NA,2,04,19_43002375,NA,0,2021-05-05T14:57:42Z,2,1,0,0,1,1,0,0,0,0,0,0,0,0,0,0,0,0,0,2,2,2,0,0,0,0,0,0,0,0,0,Y
1791456,878,2019-02-15,2,15,2019,6,18,6P,34,Washington,NA,NA,57,PORTLAND UA,17,U MJ-COL,0,NA,NA,NA,NA,NA,NA,NA,NA,NA,NA,45,32,9.72,-122,51,3.02,45.5360333333333,-122.850838888888,00292,NW BRONSON RD,02049,NW ROSEBURG TER,1,4,NA,45,3,STRGHT,1,NA,NA,0,0,0,2,NA,0,NONE,0,8,FIX OBJ,9,FIX,2,FAT,3,RAIN,2,WET,0,UNK,99,UNKNOWN,1,2,COUNTY,62,TREE,NA,NA,NA,NA,10,OTHR-IMP,NA,NA,NA,NA,0,0,0,1,0,0,0,NA,NA,9,SUBURBAN COUNTY ROAD,NA,NA,NA,1,02B,58_219894,NA,0,2021-05-05T23:39:30Z,1,1,0,0,0,0,0,0,0,0,0,0,0,0,0,0,0,0,0,1,1,0,1,0,1,0,0,0,0,0,0,Y
1791457,2172,2019-03-16,3,16,2019,7,23,11P,26,Multnomah,83,Gresham,57,PORTLAND UA,14,U PR-ART,1,NA,NA,NA,NA,NA,NA,NA,NA,NA,NA,45,30,18.67,-122,24,49.96,45.505186111111,-122.413877777777,01023,NE HOGAN DR,00612,NE DIVISION ST,1,1,NA,NA,2,ALLEY,0,NA,NA,0,0,0,5,NA,0,NONE,7,H,O-1 L-TURN,6,TURN,2,FAT,1,CLR,1,DRY,2,DLIT,99,UNKNOWN,1,3,CITY,129,HILL INV,NA,NA,NA,NA,1,TOO-FAST,NA,NA,NA,NA,0,0,0,0,0,1,0,8,"100,001 to 200,000",3,URBAN CITY STREET,NA,NA,NA,1,02C,58_120664,NA,0,2021-05-05T18:15:54Z,2,1,0,0,0,0,0,1,0,0,0,0,0,0,0,0,0,0,0,2,2,2,0,0,0,1,0,0,0,0,2,N
1791458,2613,2019-03-21,3,21,2019,5,18,6P,24,Marion,NA,NA,NA,NA,9,R LOCAL,0,NA,NA,NA,NA,NA,NA,NA,NA,NA,NA,44,47,27.1,-123,1,55.15,44.7908611111103,-123.031986111111,00908,HOCHSPEIER RD SE,NA,"
    ",NA,0,0.15,NA,7,GRADE,0,NA,NA,0,0,0,2,NA,0,NONE,3,&,OVERTURN,8,NCOL,2,FAT,2,CLD,1,DRY,1,DAY,0,NONE,1,2,COUNTY,62,TREE,1,FEL/JUMP,NA,NA,30,SPEED,33,RECKLESS,NA,NA,0,0,0,1,0,1,0,NA,NA,6,RURAL COUNTY ROAD,NA,NA,NA,2,04,53_10024883,NA,0,2021-05-05T16:32:46Z,1,1,2,0,0,2,0,0,0,0,0,0,0,0,0,0,0,0,0,3,3,1,2,0,1,0,0,0,0,0,0,N
1791462,262,2019-03-23,3,23,2019,7,99,UNK,17,Josephine,NA,NA,NA,NA,9,R LOCAL,0,NA,NA,NA,NA,NA,NA,NA,NA,NA,NA,42,12,45.57,-123,19,22.87,42.212658333333,-123.323019444444,04100,KINCAID RD,NA,"
    ",NA,0,1.93,NA,7,GRADE,1,NA,NA,0,0,0,2,NA,0,NONE,1,8,FIX OBJ,9,FIX,2,FAT,0,UNK,2,WET,3,DARK,99,UNKNOWN,1,2,COUNTY,62,TREE,NA,NA,NA,NA,1,TOO-FAST,NA,NA,NA,NA,0,0,1,1,0,1,0,NA,NA,6,RURAL COUNTY ROAD,NA,NA,NA,3,08,142_413,NA,0,2021-05-06T12:19:10Z,1,1,0,0,0,0,0,0,0,0,0,0,0,0,0,0,0,0,0,1,1,0,0,1,0,0,0,0,0,1,0,Y
1794719,1102,2019-03-23,3,23,2019,7,4,4A,24,Marion,184,Salem,67,SALEM-KZ UA,17,U MJ-COL,0,NA,NA,NA,NA,NA,NA,NA,NA,NA,NA,44,51,34.03,-123,1,7.07,44.859452777777,-123.018630555555,00834,FAIRWAY AVE SE,01431,LEXINGTON CIR SE,1,5,NA,25,5,CURVE,1,NA,NA,0,0,0,2,NA,0,NONE,8,8,FIX OBJ,9,FIX,2,FAT,2,CLD,2,WET,2,DLIT,99,UNKNOWN,1,3,CITY,62,TREE,NA,NA,NA,NA,1,TOO-FAST,NA,NA,NA,NA,0,0,0,1,0,1,0,8,"100,001 to 200,000",3,URBAN CITY STREET,NA,NA,NA,2,03,53_10010256,NA,0,2021-05-05T17:28:26Z,1,1,1,3,0,4,0,0,0,0,0,0,0,0,0,0,0,0,0,5,5,0,5,0,1,0,0,0,0,0,1,Y
1803856,200,2019-02-23,2,23,2019,7,0,12A,18,Klamath,NA,NA,NA,NA,7,R MJ-COL,0,NA,NA,NA,NA,NA,NA,NA,NA,NA,NA,42,6,42.58,-121,44,14.9,42.111827777777,-121.737472222221,00876A,SPRING LAKE RD A,NA,"
    ",NA,0,1,NA,3,STRGHT,1,NA,NA,0,0,0,2,NA,0,NONE,1,&,OVERTURN,8,NCOL,2,FAT,2,CLD,1,DRY,3,DARK,0,NONE,1,2,COUNTY,87,FIRE/EXP,1,FEL/JUMP,NA,NA,10,OTHR-IMP,NA,NA,NA,NA,0,0,1,0,0,0,0,NA,NA,6,RURAL COUNTY ROAD,NA,NA,NA,4,11,49_4916011470,NA,0,2021-05-06T12:41:16Z,1,1,0,0,0,0,0,0,0,0,0,0,0,0,0,0,0,0,0,1,1,0,0,1,0,0,0,0,0,1,0,Y
1803864,837,2019-03-18,3,18,2019,2,4,4A,3,Clackamas,160,Oregon City,57,PORTLAND UA,16,U MN-ART,0,NA,NA,NA,NA,NA,NA,NA,NA,NA,NA,45,22,36.83,-122,35,14.96,45.3768972222217,-122.587488888888,02605,WASHINGTON ST,00109,AGNES AVE,1,1,NA,25,5,CURVE,1,NA,NA,0,0,0,2,NA,0,NONE,0,8,FIX OBJ,9,FIX,2,FAT,1,CLR,1,DRY,3,DARK,99,UNKNOWN,1,3,CITY,62,TREE,1,FEL/JUMP,NA,NA,10,OTHR-IMP,NA,NA,NA,NA,0,0,1,1,0,0,0,6,"25,001 to 50,000",3,URBAN CITY STREET,NA,NA,NA,1,02B,58_311681,NA,0,2021-05-05T16:27:55Z,1,1,0,0,0,0,0,0,0,0,0,0,0,0,0,0,0,0,0,1,1,0,1,0,1,0,0,0,0,1,1,Y
1803890,822,2019-03-26,3,26,2019,3,14,2P,15,Jackson,NA,NA,44,MEDFORD UA,17,U MJ-COL,0,NA,NA,NA,NA,NA,NA,NA,NA,NA,NA,42,26,12.73,-122,50,49.62,42.4368694444443,-122.847116666666,00690,AVENUE G(WHITE CITY),NA,"
    ",NA,0,1.9,35,2,ALLEY,0,NA,NA,0,0,0,2,NA,0,NONE,3,B,ANGL-OTH,1,ANGL,2,FAT,1,CLR,1,DRY,1,DAY,99,UNKNOWN,1,2,COUNTY,1,FEL/JUMP,87,FIRE/EXP,NA,NA,1,TOO-FAST,NA,NA,NA,NA,0,0,1,0,0,1,0,NA,NA,9,SUBURBAN COUNTY ROAD,NA,NA,NA,3,08,142_4831,NA,0,2021-05-06T12:03:03Z,2,1,0,0,0,0,0,1,0,0,0,0,0,0,0,0,0,0,0,2,2,2,0,0,0,1,0,0,0,0,0,N
1803909,1912,2019-03-28,3,28,2019,5,12,12P,24,Marion,NA,NA,NA,NA,2,R PR-ART,1,NA,NA,NA,NA,NA,NA,NA,NA,NA,NA,44,59,29.17,-122,51,27.48,44.9914361111103,-122.857633333333,00026,SILVERTON RD NE,NA,"
    ",NA,0,1.11,55,2,ALLEY,0,NA,NA,0,0,0,2,NA,0,NONE,3,E,S-1STOP,3,REAR,2,FAT,1,CLR,1,DRY,1,DAY,0,NONE,1,2,COUNTY,13,FORCED,NA,NA,NA,NA,27,INATTENT,7,TOO-CLOS,NA,NA,NA,NA,0,0,0,0,0,NA,NA,6,RURAL COUNTY ROAD,NA,NA,NA,2,03,53_10016136,NA,0,2021-05-05T16:39:13Z,3,1,0,0,1,1,0,1,0,0,0,0,0,0,0,0,0,0,0,3,3,3,0,0,0,0,0,0,0,0,0,N
1803939,1482,2019-03-30,3,30,2019,7,15,3P,24,Marion,NA,NA,NA,NA,2,R PR-ART,1,NA,NA,NA,NA,NA,NA,NA,NA,NA,NA,45,14,30.07,-122,55,39.42,45.2416861111103,-122.927616666667,00096Z,MCKAY RD NE A,NA,"
    ",NA,0,0.78,55,7,GRADE,0,NA,NA,0,0,0,2,NA,0,NONE,5,G,O-STRGHT,2,HEAD,2,FAT,1,CLR,1,DRY,1,DAY,99,UNKNOWN,1,2,COUNTY,87,FIRE/EXP,1,FEL/JUMP,128,CURVE INV,30,SPEED,5,LEFT-CTR,NA,NA,0,0,1,1,0,1,0,NA,NA,6,RURAL COUNTY ROAD,NA,NA,NA,2,03,53_10022672,NA,0,2021-05-06T10:33:09Z,2,3,0,0,0,0,0,0,0,0,0,0,0,0,0,0,0,0,0,3,3,2,1,0,1,0,0,0,0,3,0,Y
1803943,1203,2019-03-12,3,12,2019,3,15,3P,24,Marion,110,Keizer,67,SALEM-KZ UA,16,U MN-ART,0,NA,NA,NA,NA,NA,NA,NA,NA,NA,NA,44,59,48.87,-123,1,33.19,44.9969083333333,-123.025886111111,00427,CHEMAWA RD N,02642,WITTENBERG LN,1,7,NA,NA,2,ALLEY,1,NA,NA,0,0,0,2,NA,0,NONE,8,3,PED,0,PED,2,FAT,2,CLD,1,DRY,1,DAY,99,UNKNOWN,1,3,CITY,NA,NA,NA,NA,NA,NA,27,INATTENT,2,NO-YIELD,40,VIEW OBS,0,0,0,0,0,0,0,6,"25,001 to 50,000",3,URBAN CITY STREET,NA,NA,NA,2,03,53_10009349,NA,0,2023-01-25T17:11:16Z,1,1,0,0,0,0,0,1,1,1,0,0,0,0,0,0,0,0,0,1,2,1,0,0,0,0,0,0,0,0,0,Y
1803947,389,2019-03-07,3,7,2019,5,9,9A,10,Douglas,NA,NA,NA,NA,7,R MJ-COL,0,NA,NA,NA,NA,NA,NA,NA,NA,NA,NA,43,16,18.09,-123,3,28.39,43.2716916666667,-123.057886111111,00017B,STRAWBERRY MTN RD,NA,"
    ",NA,0,13.6,NA,5,CURVE,1,NA,NA,0,0,0,2,NA,0,NONE,7,8,FIX OBJ,9,FIX,2,FAT,1,CLR,1,DRY,1,DAY,99,UNKNOWN,1,2,COUNTY,79,DITCH,72,OTHER WALL,53,POLE UTL,10,OTHR-IMP,NA,NA,NA,NA,0,0,0,0,0,0,0,NA,NA,6,RURAL COUNTY ROAD,NA,NA,NA,3,07,255_206068,NA,0,2021-05-05T20:31:55Z,1,1,0,0,0,0,0,0,0,0,0,0,0,0,0,0,0,0,0,1,1,0,0,1,0,0,0,0,0,0,0,Y
1803950,743,2019-04-07,4,7,2019,1,0,12A,15,Jackson,NA,NA,NA,NA,8,R MN-COL,0,NA,NA,NA,NA,NA,NA,NA,NA,NA,NA,42,29,33.72,-122,53,38.81,42.4926999999993,-122.894113888888,00689,ANTIOCH RD,NA,"
    ",NA,0,1.84,NA,3,STRGHT,1,NA,NA,0,0,0,2,NA,0,NONE,1,8,FIX OBJ,9,FIX,2,FAT,1,CLR,2,WET,3,DARK,0,NONE,1,2,COUNTY,79,DITCH,121,FENCE,10,SUB OTRN,10,OTHR-IMP,NA,NA,NA,NA,0,0,1,1,0,0,0,NA,NA,6,RURAL COUNTY ROAD,NA,NA,NA,3,08,142_12608,NA,0,2021-05-06T10:49:54Z,1,1,0,0,0,0,0,0,0,0,0,0,0,0,0,0,0,0,0,1,1,0,1,0,1,0,0,0,0,1,0,Y
1803954,3648,2019-04-09,4,9,2019,3,12,12P,26,Multnomah,243,Portland NE,57,PORTLAND UA,17,U MJ-COL,0,NA,NA,NA,NA,NA,NA,NA,NA,NA,NA,45,34,24.31,-122,32,48.1,45.5734194444437,-122.546694444444,01617,NE MARINE DR,05112,NE 112TH AVE,1,8,NA,NA,3,STRGHT,1,NA,NA,0,0,0,2,NA,0,NONE,7,8,FIX OBJ,9,FIX,2,FAT,1,CLR,1,DRY,1,DAY,99,UNKNOWN,1,3,CITY,40,CURB,47,BR ABUTMNT,10,SUB OTRN,10,OTHR-IMP,NA,NA,NA,NA,0,0,1,1,0,0,0,9,"Over 200,000",1,PORTLAND CITY STREET,NA,NA,NA,1,02B,58_132972,NA,0,2021-05-05T19:27:21Z,1,1,0,0,0,0,0,0,0,0,0,0,0,0,0,0,0,0,0,1,1,0,0,1,0,0,0,0,0,0,0,Y
1803979,99999,2019-04-10,4,10,2019,4,22,10P,26,Multnomah,242,Portland N,57,PORTLAND UA,17,U MJ-COL,0,NA,NA,NA,NA,NA,NA,NA,NA,NA,NA,45,35,42.42,-122,44,31.81,45.5951166666663,-122.742169444444,00812,N FESSENDEN ST,01934,N POLK AVE,1,4,NA,NA,1,INTER,0,1,CROSS,0,0,0,NA,0,NA,NA,5,3,PED,0,PED,2,FAT,3,RAIN,2,WET,2,DLIT,4,STOP SIGN,1,3,CITY,NA,NA,NA,NA,NA,NA,2,NO-YIELD,NA,NA,NA,NA,0,0,1,1,0,0,1,9,"Over 200,000",1,PORTLAND CITY STREET,NA,NA,NA,1,02B,58_101359,NA,0,2021-05-05T18:26:41Z,1,1,0,0,0,0,0,1,1,1,0,0,0,0,0,0,0,0,0,1,2,0,0,1,0,0,0,0,0,0,0,N
1803994,3095,2019-04-11,4,11,2019,5,1,1A,26,Multnomah,245,Portland SE,57,PORTLAND UA,16,U MN-ART,0,NA,NA,NA,NA,NA,NA,NA,NA,NA,NA,45,28,36.71,-122,31,31.33,45.4768638888887,-122.525369444444,00824,SE FOSTER RD,05134,SE 134TH AVE,1,3,NA,NA,3,STRGHT,1,NA,NA,0,0,0,2,NA,0,NONE,7,8,FIX OBJ,9,FIX,2,FAT,3,RAIN,2,WET,2,DLIT,99,UNKNOWN,1,3,CITY,62,TREE,53,POLE UTL,10,SUB OTRN,1,TOO-FAST,NA,NA,NA,NA,NA,NA,1,0,0,1,0,9,"Over 200,000",1,PORTLAND CITY STREET,NA,NA,NA,1,02C,58_183157,NA,0,2021-05-05T19:54:16Z,1,1,0,1,0,1,0,0,0,0,0,0,0,0,0,0,0,0,0,2,2,0,0,2,0,0,0,0,0,1,1,Y
1804001,319,2019-04-12,4,12,2019,6,1,1A,18,Klamath,NA,NA,35,KLAM FLS UA,17,U MJ-COL,0,NA,NA,NA,NA,NA,NA,NA,NA,NA,NA,42,14,32.25,-121,50,23.6,42.2422916666663,-121.839888888888,00630,LAKESHORE DR,NA,"
    ",NA,0,2.06,NA,5,CURVE,1,NA,NA,0,0,0,2,NA,0,NONE,1,8,FIX OBJ,9,FIX,2,FAT,1,CLR,1,DRY,3,DARK,99,UNKNOWN,1,2,COUNTY,62,TREE,10,SUB OTRN,NA,NA,1,TOO-FAST,33,RECKLESS,NA,NA,0,0,1,0,0,1,0,NA,NA,9,SUBURBAN COUNTY ROAD,NA,NA,NA,4,11,49_5351,NA,0,2021-05-06T12:18:28Z,1,1,0,1,0,1,0,0,0,0,0,0,0,0,0,0,0,0,0,2,2,1,1,0,1,0,0,0,0,1,0,Y
1805404,1388,2019-04-13,4,13,2019,7,2,2A,24,Marion,NA,NA,NA,NA,6,R MN-ART,0,NA,NA,NA,NA,NA,NA,NA,NA,NA,NA,45,0,39.19,-122,53,54.57,45.010886111111,-122.898491666666,00026D,HAZEL GREEN RD NE,NA,"
    ",NA,0,4.62,55,3,STRGHT,1,NA,NA,0,0,0,2,NA,0,NONE,3,&,OVERTURN,8,NCOL,2,FAT,1,CLR,1,DRY,3,DARK,99,UNKNOWN,1,2,COUNTY,53,POLE UTL,NA,NA,NA,NA,10,OTHR-IMP,NA,NA,NA,NA,0,0,0,0,0,0,0,NA,NA,6,RURAL COUNTY ROAD,NA,NA,NA,2,03,53_10006213,NA,0,2021-05-05T16:49:08Z,1,2,0,0,0,0,0,0,0,0,0,0,0,0,0,0,0,0,0,2,2,2,0,0,0,0,0,0,0,0,0,Y
1805429,1188,2019-04-10,4,10,2019,4,15,3P,3,Clackamas,115,Lake Oswego,57,PORTLAND UA,18,U MN-COL,0,NA,NA,NA,NA,NA,NA,NA,NA,NA,NA,45,24,12.53,-122,41,54.47,45.403480555555,-122.698463888888,00807,FERNWOOD DR,00904,GLEN HAVEN RD,1,5,NA,NA,3,STRGHT,0,NA,NA,0,0,0,2,NA,0,NONE,8,3,PED,0,PED,2,FAT,3,RAIN,2,WET,1,DAY,99,UNKNOWN,1,3,CITY,NA,NA,NA,NA,NA,NA,18,IN RDWY,32,CARELESS,NA,NA,0,0,0,0,0,0,0,6,"25,001 to 50,000",3,URBAN CITY STREET,NA,NA,NA,1,02B,58_307981,NA,0,2021-05-05T16:23:26Z,1,1,0,0,0,0,0,1,1,1,0,0,0,0,0,0,0,0,0,1,2,1,0,0,0,0,0,0,0,0,0,N
1805444,1859,2019-04-17,4,17,2019,4,12,12P,34,Washington,NA,NA,NA,NA,6,R MN-ART,0,NA,NA,NA,NA,NA,NA,NA,NA,NA,NA,45,34,25.27,-123,1,56.68,45.5736861111107,-123.032411111111,01563,NW MILNE RD,02901,NW ZION CHURCH RD,1,9,NA,55,1,INTER,0,3,3-LEG,0,0,0,NA,0,NA,NA,3,D,S-1TURN,3,REAR,2,FAT,1,CLR,1,DRY,1,DAY,4,STOP SIGN,1,2,COUNTY,NA,NA,NA,NA,NA,NA,6,IMP-OVER,7,TOO-CLOS,1,TOO-FAST,0,0,0,0,0,1,0,NA,NA,6,RURAL COUNTY ROAD,NA,NA,NA,1,02B,58_200526,NA,0,2021-05-05T23:52:02Z,2,1,0,0,0,0,0,1,0,0,0,0,0,0,0,0,0,0,0,2,2,2,0,0,0,1,0,0,0,0,0,N
1805459,1200,2019-04-17,4,17,2019,4,17,5P,3,Clackamas,160,Oregon City,57,PORTLAND UA,16,U MN-ART,0,NA,NA,NA,NA,NA,NA,NA,NA,NA,NA,45,20,56.32,-122,35,47.93,45.3489777777773,-122.596647222221,01514,MOLALLA AVE,01909,PEARL ST,1,5,NA,30,1,INTER,0,1,CROSS,0,0,0,NA,0,NA,NA,5,3,PED,0,PED,2,FAT,1,CLR,1,DRY,1,DAY,1,TRF SIGNAL,1,3,CITY,129,HILL INV,NA,NA,NA,NA,27,INATTENT,2,NO-YIELD,NA,NA,0,0,0,0,0,0,0,6,"25,001 to 50,000",3,URBAN CITY STREET,NA,NA,NA,1,02B,58_314950,NA,0,2021-05-05T16:26:28Z,1,1,0,0,0,0,0,1,1,1,0,0,0,0,0,0,0,0,0,1,2,1,0,0,0,0,0,0,0,0,0,N
1805475,3512,2019-04-19,4,19,2019,6,14,2P,26,Multnomah,243,Portland NE,57,PORTLAND UA,14,U PR-ART,1,NA,NA,NA,NA,NA,NA,NA,NA,NA,NA,45,32,6.24,-122,39,38.27,45.5350666666663,-122.660630555555,00267,NE BROADWAY ST,00929,NE GRAND AVE,1,7,NA,NA,1,INTER,0,1,CROSS,0,0,0,NA,0,NA,NA,6,3,PED,0,PED,2,FAT,3,RAIN,2,WET,1,DAY,1,TRF SIGNAL,1,3,CITY,NA,NA,NA,NA,NA,NA,2,NO-YIELD,NA,NA,NA,NA,NA,NA,0,1,0,0,0,9,"Over 200,000",1,PORTLAND CITY STREET,NA,NA,NA,1,02B,58_111581,NA,0,2021-05-05T19:04:35Z,1,1,0,0,0,0,0,2,1,1,0,0,0,0,0,0,0,0,0,2,3,1,0,1,0,0,0,0,0,0,0,N
1805499,3647,2019-04-25,4,25,2019,5,0,12A,26,Multnomah,243,Portland NE,57,PORTLAND UA,14,U PR-ART,1,NA,NA,NA,NA,NA,NA,NA,NA,NA,NA,45,34,5.03,-122,35,45.84,45.5680638888887,-122.596066666666,00472,NE COLUMBIA BLVD,05066,NE 66TH AVE,1,7,NA,40,2,ALLEY,0,NA,NA,0,0,0,2,NA,0,NONE,7,3,PED,0,PED,2,FAT,2,CLD,1,DRY,2,DLIT,99,UNKNOWN,1,3,CITY,NA,NA,NA,NA,NA,NA,18,IN RDWY,NA,NA,NA,NA,0,0,0,0,0,0,0,9,"Over 200,000",1,PORTLAND CITY STREET,NA,NA,NA,1,02B,58_133141,NA,0,2021-05-05T19:18:51Z,1,1,0,0,0,0,0,2,1,1,0,0,0,0,0,0,0,0,0,2,3,0,0,2,0,0,0,0,0,0,0,N
1805508,351,2019-04-18,4,18,2019,5,19,7P,36,Yamhill,NA,NA,NA,NA,9,R LOCAL,0,NA,NA,NA,NA,NA,NA,NA,NA,NA,NA,45,10,27.76,-123,18,53.7,45.1743777777777,-123.314916666666,00429,EAGLE PT RD,NA,"
    ",NA,0,2.06,55,7,GRADE,1,NA,NA,0,0,0,2,NA,0,NONE,0,8,FIX OBJ,9,FIX,2,FAT,1,CLR,1,DRY,5,DUSK,99,UNKNOWN,1,2,COUNTY,79,DITCH,1,FEL/JUMP,128,CURVE INV,1,TOO-FAST,NA,NA,NA,NA,0,0,1,0,0,1,0,NA,NA,6,RURAL COUNTY ROAD,NA,NA,NA,2,03,44_3819,NA,0,2021-05-06T09:59:28Z,1,1,0,0,0,0,0,0,0,0,0,0,0,0,0,0,0,0,0,1,1,1,0,0,0,1,0,0,0,1,0,Y
1805555,1009,2019-05-04,5,4,2019,7,15,3P,15,Jackson,132,Medford,44,MEDFORD UA,17,U MJ-COL,0,NA,NA,NA,NA,NA,NA,NA,NA,NA,NA,42,20,1.49,-122,53,57.51,42.3337472222213,-122.899308333333,00199,STONEFIELD WAY,02128,ROSS LN,1,1,NA,35,1,INTER,1,3,3-LEG,0,0,0,NA,0,NA,NA,5,8,FIX OBJ,9,FIX,2,FAT,1,CLR,1,DRY,1,DAY,4,STOP SIGN,1,3,CITY,40,CURB,53,POLE UTL,NA,NA,17,ILLNESS,5,LEFT-CTR,NA,NA,0,0,0,0,0,0,0,7,"50,001 to 100,000",3,URBAN CITY STREET,NA,NA,NA,3,08,142_70090,NA,0,2021-05-06T11:44:11Z,1,1,0,1,0,1,0,0,0,0,0,0,0,0,0,0,0,0,0,2,2,0,2,0,0,0,0,0,0,0,0,N
1805556,310,2019-05-12,5,12,2019,1,23,11P,27,Polk,NA,NA,NA,NA,7,R MJ-COL,0,NA,NA,NA,NA,NA,NA,NA,NA,NA,NA,44,49,27.7,-123,11,18.63,44.8243611111107,-123.188508333333,00009A,CORVALLIS RD,NA,"
    ",NA,0,1.65,NA,3,STRGHT,0,NA,NA,0,0,0,2,NA,0,NONE,3,2,PRKD MV,1,ANGL,2,FAT,1,CLR,1,DRY,3,DARK,0,NONE,1,2,COUNTY,5,SUB-PED,87,FIRE/EXP,NA,NA,20,IMP PKNG,40,VIEW OBS,18,IN RDWY,0,0,0,1,0,0,0,NA,NA,6,RURAL COUNTY ROAD,NA,NA,NA,2,04,18_4322,NA,0,2021-05-05T21:46:23Z,2,1,0,2,0,2,0,0,2,1,0,1,0,0,0,0,0,0,0,1,3,1,0,0,0,0,0,0,0,0,1,N
1805557,1478,2019-05-17,5,17,2019,6,10,10A,20,Lane,NA,NA,NA,NA,6,R MN-ART,0,NA,NA,NA,NA,NA,NA,NA,NA,NA,NA,44,12,55.79,-123,17,11.61,44.215497222222,-123.286558333333,345500,HIGH PASS RD,798900,TERRITORIAL HY,1,9,NA,55,1,INTER,0,1,CROSS,0,0,0,NA,0,NA,NA,1,B,ANGL-OTH,1,ANGL,2,FAT,2,CLD,1,DRY,1,DAY,4,STOP SIGN,1,1,STATE,10,SUB OTRN,NA,NA,NA,NA,3,PAS-STOP,NA,NA,NA,NA,0,0,0,0,0,0,0,NA,NA,6,RURAL COUNTY ROAD,NA,NA,NA,2,05,277_21668,NA,0,2021-05-06T11:14:49Z,2,1,1,0,0,1,0,0,0,0,0,0,0,0,0,0,0,0,0,2,2,2,0,0,0,0,0,0,0,0,0,N
1805578,4565,2019-05-22,5,22,2019,4,8,8A,26,Multnomah,242,Portland N,57,PORTLAND UA,16,U MN-ART,1,NA,NA,NA,NA,NA,NA,NA,NA,NA,NA,45,33,1.42,-122,41,16.78,45.550394444444,-122.687994444444,00935,N GREELEY AVE,00987,GREELEY-GOING W RMP,1,5,NA,NA,7,GRADE,0,NA,NA,0,0,0,4,NA,0,NONE,8,G,O-STRGHT,4,SS-M,2,FAT,1,CLR,1,DRY,1,DAY,99,UNKNOWN,1,3,CITY,NA,NA,NA,NA,NA,NA,5,LEFT-CTR,32,CARELESS,NA,NA,0,0,0,0,0,0,0,9,"Over 200,000",1,PORTLAND CITY STREET,NA,NA,NA,1,02B,58_502357,NA,0,2021-05-05T18:29:45Z,2,2,1,0,0,1,0,0,0,0,0,0,0,0,0,0,0,0,0,3,3,1,2,0,2,0,0,0,0,0,1,Y
1805584,877,2019-05-26,5,26,2019,1,19,7P,17,Josephine,NA,NA,NA,NA,8,R MN-COL,0,NA,NA,NA,NA,NA,NA,NA,NA,NA,NA,42,16,45.33,-123,36,23.26,42.2792583333327,-123.606461111111,05100,DEER CR RD,NA,"
    ",NA,0,0.52,NA,5,CURVE,1,NA,NA,0,0,0,2,NA,0,NONE,0,8,FIX OBJ,9,FIX,2,FAT,1,CLR,1,DRY,1,DAY,99,UNKNOWN,1,1,STATE,62,TREE,79,DITCH,NA,NA,1,TOO-FAST,NA,NA,NA,NA,0,0,1,1,1,1,0,NA,NA,6,RURAL COUNTY ROAD,NA,NA,NA,3,08,142_21523,NA,0,2021-05-06T12:09:17Z,1,1,0,1,0,1,0,0,0,0,0,0,0,0,0,0,0,0,0,2,2,1,1,0,1,0,0,0,0,1,0,Y
1805594,3806,2019-05-03,5,3,2019,6,14,2P,26,Multnomah,244,Portland E. Burnside,57,PORTLAND UA,16,U MN-ART,0,NA,NA,NA,NA,NA,NA,NA,NA,NA,NA,45,31,22.41,-122,38,54.72,45.5228916666667,-122.648533333333,00283,E BURNSIDE ST,05017,NE 17TH AVE,1,9,NA,NA,1,INTER,0,1,CROSS,0,0,0,NA,0,NA,NA,2,G,O-STRGHT,2,HEAD,2,FAT,1,CLR,1,DRY,1,DAY,4,STOP SIGN,1,3,CITY,92,PHANTOM,87,FIRE/EXP,1,FEL/JUMP,26,PHANTOM,NA,NA,NA,NA,0,0,0,0,0,0,0,9,"Over 200,000",1,PORTLAND CITY STREET,NA,NA,NA,1,02B,58_114338,NA,0,2021-05-05T18:25:10Z,2,1,0,0,0,0,0,1,0,0,0,0,0,0,0,0,0,0,0,2,2,2,0,0,0,1,0,0,0,0,0,N
1805604,4466,2019-05-29,5,29,2019,4,17,5P,26,Multnomah,NA,NA,57,PORTLAND UA,16,U MN-ART,0,NA,NA,NA,NA,NA,NA,NA,NA,NA,NA,45,30,38.92,-122,21,49.82,45.510811111111,-122.363838888888,02244,SE STARK ST,01307,SE KERSLAKE RD,1,3,NA,45,7,GRADE,0,NA,NA,0,0,0,2,NA,0,NONE,5,G,O-STRGHT,2,HEAD,2,FAT,1,CLR,1,DRY,1,DAY,99,UNKNOWN,1,2,COUNTY,10,SUB OTRN,128,CURVE INV,NA,NA,1,TOO-FAST,5,LEFT-CTR,33,RECKLESS,NA,NA,1,1,0,1,0,NA,NA,9,SUBURBAN COUNTY ROAD,NA,NA,NA,1,02C,58_119324,NA,0,2021-05-05T17:58:36Z,2,1,1,2,0,3,1,0,0,0,0,0,0,0,0,0,0,0,0,4,4,3,0,1,0,0,0,0,0,1,0,Y
1805621,99998,2019-01-08,1,8,2019,3,20,8P,26,Multnomah,65,Fairview,57,PORTLAND UA,17,U MJ-COL,0,NA,NA,NA,NA,NA,NA,NA,NA,NA,NA,45,31,49.12,-122,26,1.15,45.5303111111107,-122.433652777777,05223,NE 223RD AVE,00105,NE PARK LN,1,1,NA,35,3,STRGHT,0,NA,NA,0,0,0,4,NA,0,NONE,8,3,PED,0,PED,2,FAT,1,CLR,1,DRY,2,DLIT,99,UNKNOWN,1,2,COUNTY,NA,NA,NA,NA,NA,NA,2,NO-YIELD,18,IN RDWY,19,NT VISBL,0,0,1,1,0,0,0,4,"5,001 to 10,000",3,URBAN CITY STREET,NA,NA,NA,1,02B,58_173651,NA,0,2021-05-05T18:05:44Z,1,1,0,0,0,0,0,1,1,1,0,0,0,0,0,0,0,0,0,1,2,0,0,1,0,0,0,0,0,0,0,N
1805641,99999,2019-01-21,1,21,2019,2,5,5A,20,Lane,64,Eugene,25,EUGN-SPR UA,17,U MJ-COL,0,NA,NA,NA,NA,NA,NA,NA,NA,NA,NA,44,6,6.52,-123,5,7.1,44.101811111111,-123.085305555555,00175,AYRES RD,01436,LAKE SHORE DR,1,5,NA,NA,1,INTER,1,3,3-LEG,0,0,0,NA,0,NA,NA,6,8,FIX OBJ,9,FIX,2,FAT,0,UNK,0,UNK,2,DLIT,4,STOP SIGN,1,3,CITY,59,HYDRANT,72,OTHER WALL,NA,NA,1,TOO-FAST,NA,NA,NA,NA,NA,NA,1,1,0,1,0,8,"100,001 to 200,000",3,URBAN CITY STREET,NA,NA,NA,2,05,277_1824,NA,0,2021-05-05T12:39:51Z,1,1,0,0,1,1,0,0,0,0,0,0,0,0,0,0,0,0,0,2,2,1,0,1,0,0,0,0,0,1,1,N
1805648,99999,2019-02-25,2,25,2019,2,18,6P,23,Malheur,159,Ontario,53,ONTARIO UA,17,U MJ-COL,0,NA,NA,NA,NA,NA,NA,NA,NA,NA,NA,44,1,32.47,-116,58,6.64,44.0256861111107,-116.968511111111,05602,SW 2ND AVE,08604,SW 4TH ST,1,2,NA,25,1,INTER,0,3,3-LEG,0,0,0,NA,0,NA,NA,6,3,PED,0,PED,2,FAT,1,CLR,1,DRY,2,DLIT,1,TRF SIGNAL,1,3,CITY,NA,NA,NA,NA,NA,NA,27,INATTENT,2,NO-YIELD,NA,NA,NA,NA,0,0,0,0,0,5,"10,001 to 25,000",3,URBAN CITY STREET,NA,NA,NA,5,14,46_23001466,NA,0,2021-05-05T16:24:57Z,1,1,0,0,0,0,0,1,1,1,0,0,0,0,0,0,0,0,0,1,2,0,0,1,0,0,0,0,0,0,0,N
1805653,99999,2019-03-31,3,31,2019,1,20,8P,5,Columbia,NA,NA,NA,NA,7,R MJ-COL,0,NA,NA,NA,NA,NA,NA,NA,NA,NA,NA,45,56,2.01,-122,53,40.73,45.9338916666663,-122.894647222221,01029,CANAAN RD,NA,"
    ",NA,0,6.63,40,7,GRADE,1,NA,NA,0,0,0,2,NA,0,NONE,0,8,FIX OBJ,9,FIX,2,FAT,2,CLD,1,DRY,3,DARK,99,UNKNOWN,1,2,COUNTY,121,FENCE,61,MAILBOX,1,FEL/JUMP,1,TOO-FAST,NA,NA,NA,NA,0,0,1,1,0,1,0,NA,NA,6,RURAL COUNTY ROAD,NA,NA,NA,2,01,34_805494,NA,0,2021-05-06T11:53:08Z,1,1,0,0,0,0,0,0,0,0,0,0,0,0,0,0,0,0,0,1,1,0,1,0,1,0,0,0,0,1,0,Y
1805667,99999,2019-04-05,4,5,2019,6,3,3A,10,Douglas,NA,NA,NA,NA,6,R MN-ART,0,NA,NA,NA,NA,NA,NA,NA,NA,NA,NA,43,14,29.87,-123,26,14.78,43.2416305555553,-123.437438888888,00013E,MELROSE RD,NA,"
    ",NA,0,6.82,55,5,CURVE,1,NA,NA,0,0,0,2,NA,0,NONE,1,8,FIX OBJ,9,FIX,2,FAT,0,UNK,0,UNK,3,DARK,99,UNKNOWN,1,2,COUNTY,79,DITCH,10,SUB OTRN,1,FEL/JUMP,1,TOO-FAST,NA,NA,NA,NA,NA,NA,1,0,0,1,0,NA,NA,6,RURAL COUNTY ROAD,NA,NA,NA,3,07,255_208340,NA,0,2021-05-05T20:39:04Z,1,1,0,0,0,0,0,0,0,0,0,0,0,0,0,0,0,0,0,1,1,0,1,0,1,0,0,0,0,1,0,Y
1805670,413,2019-05-28,5,28,2019,3,99,UNK,30,Umatilla,NA,NA,NA,NA,9,R LOCAL,0,NA,NA,NA,NA,NA,NA,NA,NA,NA,NA,45,32,18.28,-118,50,55.34,45.5384111111103,-118.848705555555,01383,MILL RD,NA,"
    ",NA,0,0.4,NA,3,STRGHT,1,NA,NA,0,0,0,2,NA,0,NONE,7,8,FIX OBJ,9,FIX,2,FAT,1,CLR,1,DRY,0,UNK,0,NONE,1,2,COUNTY,79,DITCH,10,SUB OTRN,1,FEL/JUMP,10,OTHR-IMP,NA,NA,NA,NA,0,0,0,1,0,0,0,NA,NA,6,RURAL COUNTY ROAD,NA,NA,NA,5,12,40_30003442,NA,0,2021-05-05T22:13:13Z,1,1,0,0,0,0,0,0,0,0,0,0,0,0,0,0,0,0,0,1,1,0,1,0,1,0,0,0,0,0,0,Y
1805678,23,2019-05-21,5,21,2019,3,12,12P,32,Wallowa,NA,NA,NA,NA,7,R MJ-COL,0,NA,NA,NA,NA,NA,NA,NA,NA,NA,NA,45,24,39.81,-117,13,32.39,45.411058333333,-117.225663888889,00772,CROW CK RD A,NA,"
    ",NA,1,1.19,NA,1,INTER,1,3,3-LEG,0,0,0,NA,0,NA,NA,5,&,OVERTURN,8,NCOL,2,FAT,1,CLR,1,DRY,1,DAY,7,YIELD,1,2,COUNTY,79,DITCH,NA,NA,NA,NA,1,TOO-FAST,NA,NA,NA,NA,0,0,0,0,0,1,0,NA,NA,6,RURAL COUNTY ROAD,NA,NA,NA,5,13,227_32001117,NA,0,2021-05-05T23:24:59Z,1,1,0,0,0,0,0,0,0,0,0,0,0,0,0,0,0,0,0,1,1,0,0,1,0,0,0,0,0,0,0,N
1805702,31,2019-05-03,5,3,2019,6,11,11A,19,Lake,NA,NA,NA,NA,9,R LOCAL,0,NA,NA,NA,NA,NA,NA,NA,NA,NA,NA,43,15,58.81,-120,31,18.9,43.266336111111,-120.521916666667,05-14D,FOSSIL LAKE RD,NA,"
    ",NA,5,2,NA,1,INTER,0,1,CROSS,0,0,0,NA,0,NA,NA,5,7,ANIMAL,&,OTH,2,FAT,1,CLR,1,DRY,1,DAY,0,NONE,1,2,COUNTY,34,GAME,1,FEL/JUMP,NA,NA,12,OTHER,NA,NA,NA,NA,0,0,0,0,0,0,0,NA,NA,6,RURAL COUNTY ROAD,NA,NA,NA,4,11,64_19001215,NA,0,2021-05-06T11:26:31Z,1,1,0,0,0,0,0,0,0,0,0,0,0,0,0,0,0,0,0,1,1,1,0,0,0,1,0,0,0,0,0,N
1805703,1337,2019-05-07,5,7,2019,3,16,4P,20,Lane,NA,NA,NA,NA,7,R MJ-COL,0,NA,NA,NA,NA,NA,NA,NA,NA,NA,NA,43,54,57.99,-122,48,54.32,43.916108333333,-122.815088888888,611400,DEXTER RD,611500,DEXTER RD CONN,1,7,1.84,25,7,GRADE,1,NA,NA,0,0,0,2,NA,0,NONE,0,8,FIX OBJ,9,FIX,2,FAT,1,CLR,1,DRY,1,DAY,99,UNKNOWN,1,2,COUNTY,53,POLE UTL,1,FEL/JUMP,128,CURVE INV,1,TOO-FAST,NA,NA,NA,NA,0,0,1,0,0,1,0,NA,NA,6,RURAL COUNTY ROAD,NA,NA,NA,2,05,277_29915,NA,0,2021-05-06T11:04:26Z,1,1,0,0,0,0,0,0,0,0,0,0,0,0,0,0,0,0,0,1,1,1,0,0,0,1,0,0,0,1,0,Y
1805704,40,2019-06-01,6,1,2019,7,22,10P,19,Lake,NA,NA,NA,NA,7,R MJ-COL,0,NA,NA,NA,NA,NA,NA,NA,NA,NA,NA,43,14,59.7,-120,53,58.69,43.2499166666663,-120.89963611111,05-10,FORT ROCK RD,NA,"
    ",NA,0,21.53,NA,5,CURVE,1,NA,NA,0,0,0,2,NA,0,NONE,0,8,FIX OBJ,9,FIX,2,FAT,1,CLR,1,DRY,3,DARK,9,CURVE,1,2,COUNTY,58,OTH SIGN,53,POLE UTL,NA,NA,10,OTHR-IMP,NA,NA,NA,NA,0,0,0,1,0,0,0,NA,NA,6,RURAL COUNTY ROAD,NA,NA,NA,4,11,64_19001682,NA,0,2021-05-06T11:19:47Z,1,1,0,0,0,0,0,0,0,0,0,0,0,0,0,0,0,0,0,1,1,0,1,0,1,0,0,0,0,0,0,Y
1805716,99999,2019-06-05,6,5,2019,4,17,5P,21,Lincoln,NA,NA,NA,NA,7,R MJ-COL,0,NA,NA,NA,NA,NA,NA,NA,NA,NA,NA,44,43,56.88,-123,52,6.88,44.7324666666667,-123.868577777778,00410,LOGSDEN RD,NA,"
    ",NA,0,3.19,55,5,CURVE,1,NA,NA,0,0,0,2,NA,0,NONE,1,&,OVERTURN,8,NCOL,2,FAT,3,RAIN,2,WET,1,DAY,99,UNKNOWN,1,2,COUNTY,62,TREE,1,FEL/JUMP,NA,NA,1,TOO-FAST,NA,NA,NA,NA,0,0,0,0,0,1,0,NA,NA,6,RURAL COUNTY ROAD,NA,NA,NA,2,04,90_21004237,NA,0,2021-05-05T14:24:18Z,1,1,0,1,0,1,0,1,0,0,0,0,0,0,0,0,0,0,0,3,3,2,1,0,1,0,0,0,0,0,1,Y
1805721,917,2019-06-05,6,5,2019,4,20,8P,22,Linn,NA,NA,NA,NA,9,R LOCAL,0,NA,NA,NA,NA,NA,NA,NA,NA,NA,NA,44,42,2.73,-122,47,19.33,44.700758333333,-122.788702777777,00641,ROGERS MTN LP,NA,"
    ",NA,0,0.77,NA,7,GRADE,1,NA,NA,0,0,0,2,NA,0,NONE,0,8,FIX OBJ,9,FIX,2,FAT,1,CLR,1,DRY,1,DAY,99,UNKNOWN,1,2,COUNTY,62,TREE,NA,NA,NA,NA,10,OTHR-IMP,NA,NA,NA,NA,0,0,1,0,0,0,0,NA,NA,6,RURAL COUNTY ROAD,NA,NA,NA,2,04,19_43005065,NA,0,2021-05-05T14:41:02Z,1,1,0,0,0,0,0,0,0,0,0,0,0,0,0,0,0,0,0,1,1,0,0,1,0,0,0,0,0,0,0,Y
1805729,544,2019-06-06,6,6,2019,5,13,1P,10,Douglas,NA,NA,NA,NA,7,R MJ-COL,0,NA,NA,NA,NA,NA,NA,NA,NA,NA,NA,42,55,23.38,-123,26,0.68,42.9231611111107,-123.433522222221,STANPK,STANTON PARK RD,NA,"
    ",NA,0,0.77,NA,3,STRGHT,0,NA,NA,0,0,0,2,NA,0,NONE,3,3,PED,0,PED,2,FAT,1,CLR,1,DRY,1,DAY,0,NONE,1,2,COUNTY,82,VEH HID,NA,NA,NA,NA,2,NO-YIELD,18,IN RDWY,40,VIEW OBS,0,0,0,0,0,0,0,NA,NA,6,RURAL COUNTY ROAD,NA,NA,NA,3,07,255_1803972,NA,0,2021-05-05T20:10:22Z,1,1,0,0,0,0,0,3,1,1,0,0,0,0,0,0,0,0,0,3,4,2,0,1,0,0,0,0,0,0,0,N
1805737,2920,2019-06-03,6,3,2019,2,99,UNK,34,Washington,NA,NA,57,PORTLAND UA,18,U MN-COL,0,NA,NA,NA,NA,NA,NA,NA,NA,NA,NA,45,34,18.26,-122,57,34.54,45.5717388888887,-122.959594444444,01544,NW MEEK RD,05271,NW 271ST AVE,1,8,NA,NA,7,GRADE,1,NA,NA,0,0,0,2,NA,0,NONE,7,0,NON-COLL,8,NCOL,2,FAT,0,UNK,0,UNK,0,UNK,0,NONE,1,2,COUNTY,1,FEL/JUMP,128,CURVE INV,NA,NA,1,TOO-FAST,NA,NA,NA,NA,0,0,0,1,0,1,0,NA,NA,9,SUBURBAN COUNTY ROAD,NA,NA,NA,1,02B,58_234928,NA,0,2021-05-05T23:50:10Z,1,1,0,0,0,0,0,0,0,0,0,0,0,0,0,0,0,0,0,1,1,1,0,0,0,1,0,0,0,0,0,Y
1805752,419,2019-06-11,6,11,2019,3,12,12P,2,Benton,NA,NA,NA,NA,7,R MJ-COL,0,NA,NA,NA,NA,NA,NA,NA,NA,NA,NA,44,19,45.72,-123,22,13.53,44.3293666666667,-123.370425,45120,ALPINE RD,NA,"
    ",NA,0,4.12,55,3,STRGHT,0,NA,NA,0,0,0,2,NA,0,NONE,5,G,O-STRGHT,2,HEAD,2,FAT,1,CLR,1,DRY,1,DAY,99,UNKNOWN,1,2,COUNTY,NA,NA,NA,NA,NA,NA,1,TOO-FAST,5,LEFT-CTR,NA,NA,0,0,0,0,0,1,0,NA,NA,6,RURAL COUNTY ROAD,NA,NA,NA,2,04,9_3168,NA,0,2021-05-05T14:32:37Z,2,1,0,1,0,1,0,0,0,0,0,0,0,0,0,0,0,0,0,2,2,1,1,0,1,0,0,0,0,0,0,Y
1805760,5508,2019-06-12,6,12,2019,4,15,3P,26,Multnomah,83,Gresham,57,PORTLAND UA,14,U PR-ART,1,NA,NA,NA,NA,NA,NA,NA,NA,NA,NA,45,29,58.96,-122,24,42.13,45.4997111111103,-122.411702777777,00232,NE BURNSIDE RD,01023,NE HOGAN DR,1,4,NA,35,2,ALLEY,0,NA,NA,0,0,0,4,NA,0,NONE,8,H,O-1 L-TURN,6,TURN,2,FAT,1,CLR,1,DRY,1,DAY,1,TRF SIGNAL,1,3,CITY,NA,NA,NA,NA,NA,NA,2,NO-YIELD,NA,NA,NA,NA,0,0,0,0,0,0,0,8,"100,001 to 200,000",3,URBAN CITY STREET,NA,NA,NA,1,02C,58_123063,NA,0,2021-05-05T18:08:15Z,2,1,0,0,1,1,0,0,0,0,0,0,0,0,0,0,0,0,0,2,2,2,0,0,0,1,0,0,0,0,1,N
1805768,948,2019-06-12,6,12,2019,4,99,UNK,22,Linn,NA,NA,NA,NA,7,R MJ-COL,0,NA,NA,NA,NA,NA,NA,NA,NA,NA,NA,44,19,46.64,-122,45,3.21,44.3296222222217,-122.750891666666,00759,UPPER CALAPOOIA DR,NA,"
    ",NA,0,2.43,NA,3,STRGHT,1,NA,NA,0,0,0,2,NA,0,NONE,0,8,FIX OBJ,9,FIX,2,FAT,0,UNK,0,UNK,0,UNK,99,UNKNOWN,1,2,COUNTY,79,DITCH,62,TREE,1,FEL/JUMP,1,TOO-FAST,NA,NA,NA,NA,0,0,1,1,0,1,0,NA,NA,6,RURAL COUNTY ROAD,NA,NA,NA,2,04,19_43006814,NA,0,2021-05-05T15:00:48Z,1,1,0,0,0,0,0,0,0,0,0,0,0,0,0,0,0,0,0,1,1,0,1,0,1,0,0,0,0,1,1,Y
1805782,290,2019-06-15,6,15,2019,7,2,2A,21,Lincoln,NA,NA,NA,NA,9,R LOCAL,0,NA,NA,NA,NA,NA,NA,NA,NA,NA,NA,44,34,7.59,-123,56,26.32,44.5687749999997,-123.940644444444,1000RD,1000 LINE RD,NA,"
    ",NA,0,1.4,NA,5,CURVE,1,NA,NA,0,0,0,2,NA,0,NONE,0,&,OVERTURN,8,NCOL,2,FAT,1,CLR,1,DRY,3,DARK,0,NONE,1,2,COUNTY,1,FEL/JUMP,NA,NA,NA,NA,1,TOO-FAST,33,RECKLESS,NA,NA,0,0,1,0,0,1,1,NA,NA,6,RURAL COUNTY ROAD,NA,NA,NA,2,04,90_21000002,NA,0,2021-05-05T14:22:57Z,1,1,1,1,0,2,0,0,0,0,0,0,0,0,0,0,0,0,0,3,3,0,3,0,1,0,0,0,0,1,0,Y
1805802,2304,2019-06-16,6,16,2019,1,13,1P,24,Marion,NA,NA,NA,NA,2,R PR-ART,1,NA,NA,NA,NA,NA,NA,NA,NA,NA,NA,45,13,46.02,-122,53,3.74,45.2294499999997,-122.884372222221,00096,MCKAY RD NE,NA,"
    ",NA,0,1.37,NA,7,GRADE,0,NA,NA,0,0,0,2,NA,0,NONE,5,G,O-STRGHT,2,HEAD,2,FAT,1,CLR,1,DRY,1,DAY,99,UNKNOWN,1,2,COUNTY,NA,NA,NA,NA,NA,NA,30,SPEED,5,LEFT-CTR,NA,NA,0,0,1,0,0,1,0,NA,NA,6,RURAL COUNTY ROAD,NA,NA,NA,2,03,53_10022675,NA,0,2021-05-05T16:42:07Z,2,2,0,1,0,1,1,0,0,0,0,0,0,0,0,0,0,0,0,3,3,3,0,0,0,0,0,0,0,2,0,Y
1805813,600,2019-06-17,6,17,2019,2,16,4P,10,Douglas,NA,NA,NA,NA,8,R MN-COL,0,NA,NA,NA,NA,NA,NA,NA,NA,NA,NA,43,22,48.51,-123,31,7.45,43.3801416666667,-123.518736111111,00033,TYEE RD,NA,"
    ",NA,0,3.62,NA,5,CURVE,0,NA,NA,0,0,0,2,NA,0,NONE,5,G,O-STRGHT,2,HEAD,2,FAT,1,CLR,1,DRY,1,DAY,99,UNKNOWN,1,2,COUNTY,NA,NA,NA,NA,NA,NA,5,LEFT-CTR,NA,NA,NA,NA,0,0,0,0,0,0,0,NA,NA,6,RURAL COUNTY ROAD,NA,NA,NA,3,07,255_1815351,NA,0,2021-05-05T20:37:21Z,2,1,1,0,1,2,0,0,0,0,0,0,0,0,0,0,0,0,0,3,3,3,0,0,0,0,0,0,0,0,0,Y
1806549,99998,2019-05-05,5,5,2019,1,10,10A,15,Jackson,33,Central Point,44,MEDFORD UA,19,U LOCAL,0,NA,NA,NA,NA,NA,NA,NA,NA,NA,NA,42,21,56.75,-122,54,54.17,42.365763888888,-122.915047222222,02306,TIMOTHY ST,00144,CHICORY LN,1,7,NA,NA,3,STRGHT,0,NA,NA,0,0,0,2,NA,0,NONE,8,6,BIKE,&,OTH,2,FAT,1,CLR,1,DRY,1,DAY,0,NONE,1,3,CITY,24,V DOOR OPN,NA,NA,NA,NA,2,NO-YIELD,NA,NA,NA,NA,NA,NA,0,0,0,0,0,5,"10,001 to 25,000",3,URBAN CITY STREET,NA,NA,NA,3,08,142_8502,NA,0,2021-05-06T11:42:19Z,1,1,0,0,0,0,0,1,0,0,0,0,1,1,0,0,0,0,0,1,2,1,0,1,0,0,0,0,0,0,0,N
1806550,5200,2019-06-23,6,23,2019,1,3,3A,26,Multnomah,245,Portland SE,57,PORTLAND UA,17,U MJ-COL,0,NA,NA,NA,NA,NA,NA,NA,NA,NA,NA,45,28,7.2,-122,34,58.76,45.4686666666667,-122.582988888889,00817,SE FLAVEL ST,05078,SE 78TH AVE,1,3,NA,30,1,INTER,0,3,3-LEG,0,0,0,NA,0,NA,NA,6,3,PED,0,PED,2,FAT,1,CLR,1,DRY,2,DLIT,4,STOP SIGN,1,3,CITY,NA,NA,NA,NA,NA,NA,1,TOO-FAST,33,RECKLESS,NA,NA,0,0,1,1,0,1,0,9,"Over 200,000",1,PORTLAND CITY STREET,NA,NA,NA,1,02B,58_129698,NA,0,2021-05-05T19:51:17Z,1,1,0,0,0,0,0,1,1,1,0,0,0,0,0,0,0,0,0,1,2,0,0,1,0,0,0,0,0,1,0,N
1806554,599,2019-06-22,6,22,2019,7,99,UNK,10,Douglas,NA,NA,NA,NA,7,R MJ-COL,0,NA,NA,NA,NA,NA,NA,NA,NA,NA,NA,42,55,23.39,-123,26,0.66,42.9231638888887,-123.433516666666,00321,COW CK RD A,NA,"
    ",NA,0,0.59,NA,3,STRGHT,1,NA,NA,0,0,0,2,NA,0,NONE,1,8,FIX OBJ,9,FIX,2,FAT,1,CLR,1,DRY,0,UNK,0,NONE,0,2,COUNTY,79,DITCH,62,TREE,1,FEL/JUMP,1,TOO-FAST,NA,NA,NA,NA,0,0,1,0,0,1,0,NA,NA,6,RURAL COUNTY ROAD,NA,NA,NA,3,07,255_1803972,NA,0,2021-05-05T20:03:09Z,1,1,0,0,0,0,0,0,0,0,0,0,0,0,0,0,0,0,0,1,1,0,1,0,1,0,0,0,0,1,1,Y
1806560,5635,2019-06-25,6,25,2019,3,17,5P,26,Multnomah,243,Portland NE,57,PORTLAND UA,17,U MJ-COL,0,NA,NA,NA,NA,NA,NA,NA,NA,NA,NA,45,34,10.89,-122,37,14.59,45.5696916666667,-122.620719444444,01484,W APP 42ND AVE,01696,NE 42ND AVE APP,1,4,NA,45,7,GRADE,1,NA,NA,0,0,0,2,NA,0,NONE,0,8,FIX OBJ,9,FIX,2,FAT,1,CLR,1,DRY,1,DAY,99,UNKNOWN,1,3,CITY,40,CURB,62,TREE,128,CURVE INV,1,TOO-FAST,NA,NA,NA,NA,0,0,1,1,0,1,0,9,"Over 200,000",1,PORTLAND CITY STREET,NA,NA,NA,1,02B,58_192201,NA,0,2021-05-05T19:25:33Z,1,1,0,0,0,0,0,0,0,0,0,0,0,0,0,0,0,0,0,1,1,1,0,0,0,0,0,0,0,1,0,Y
1806567,51,2019-06-20,6,20,2019,5,99,UNK,19,Lake,NA,NA,NA,NA,9,R LOCAL,0,NA,NA,NA,NA,NA,NA,NA,NA,NA,NA,42,11,2.92,-120,16,29.37,42.1841444444443,-120.274825,NA,"
    ",NA,"
    ",NA,7,2.18,NA,3,STRGHT,1,NA,NA,0,0,0,2,NA,0,NONE,1,8,FIX OBJ,9,FIX,2,FAT,1,CLR,1,DRY,0,UNK,0,NONE,1,2,COUNTY,62,TREE,NA,NA,NA,NA,10,OTHR-IMP,NA,NA,NA,NA,0,0,1,0,0,0,0,NA,NA,6,RURAL COUNTY ROAD,NA,NA,NA,4,11,33_760431,NA,0,2021-05-06T11:24:48Z,1,1,0,0,0,0,0,0,0,0,0,0,0,0,0,0,0,0,0,1,1,0,1,0,1,0,0,0,0,1,0,Y
1806572,638,2019-06-01,6,1,2019,7,3,3A,17,Josephine,NA,NA,NA,NA,9,R LOCAL,0,NA,NA,NA,NA,NA,NA,NA,NA,NA,NA,42,29,54.02,-123,30,32.87,42.4983388888883,-123.509130555555,02993,WEST PICKETT CR RD,NA,"
    ",NA,0,0.82,NA,7,GRADE,1,NA,NA,0,0,0,2,NA,0,NONE,0,8,FIX OBJ,9,FIX,2,FAT,1,CLR,1,DRY,3,DARK,0,NONE,1,1,STATE,79,DITCH,62,TREE,128,CURVE INV,10,OTHR-IMP,NA,NA,NA,NA,0,0,0,0,0,0,0,NA,NA,6,RURAL COUNTY ROAD,NA,NA,NA,3,08,142_20724,NA,0,2021-05-06T12:11:44Z,1,1,0,0,0,0,0,0,0,0,0,0,0,0,0,0,0,0,0,1,1,1,0,0,0,0,0,0,0,0,0,Y
1806579,977,2019-07-05,7,5,2019,6,0,12A,17,Josephine,NA,NA,NA,NA,9,R LOCAL,0,NA,NA,NA,NA,NA,NA,NA,NA,NA,NA,42,6,45.01,-123,34,50.19,42.112502777777,-123.580608333333,05840,DICK GEORGE RD,NA,"
    ",NA,0,0.94,55,5,CURVE,1,NA,NA,0,0,0,2,NA,0,NONE,7,8,FIX OBJ,9,FIX,2,FAT,1,CLR,1,DRY,3,DARK,99,UNKNOWN,1,1,STATE,62,TREE,79,DITCH,1,FEL/JUMP,1,TOO-FAST,NA,NA,NA,NA,0,0,1,1,0,1,0,NA,NA,6,RURAL COUNTY ROAD,NA,NA,NA,3,08,142_17530,NA,0,2021-05-06T12:14:05Z,1,1,1,1,0,2,0,0,0,0,0,0,0,0,0,0,0,0,0,3,3,0,3,0,1,0,0,0,0,1,0,Y
1806585,266,2019-03-25,3,25,2019,2,14,2P,10,Douglas,NA,NA,NA,NA,8,R MN-COL,0,NA,NA,NA,NA,NA,NA,NA,NA,NA,NA,43,46,1.03,-123,33,44.05,43.7669527777777,-123.562236111111,SLOTRD,SLIDEOUT RIDGE RD,BLM4132,SMITH RIVER RD,1,1,NA,NA,7,GRADE,1,NA,NA,0,0,0,2,NA,0,NONE,1,8,FIX OBJ,9,FIX,2,FAT,2,CLD,2,WET,1,DAY,99,UNKNOWN,1,2,COUNTY,62,TREE,10,SUB OTRN,128,CURVE INV,1,TOO-FAST,22,DEF BRKE,NA,NA,0,0,0,1,0,1,0,NA,NA,6,RURAL COUNTY ROAD,NA,NA,NA,3,07,255_1804221,NA,0,2020-08-03T09:59:47Z,1,1,0,0,0,0,0,0,0,0,0,0,0,0,0,0,0,0,0,1,1,1,0,0,0,0,0,0,0,0,0,Y
1806610,3570,2019-07-12,7,12,2019,6,10,10A,34,Washington,NA,NA,57,PORTLAND UA,14,U PR-ART,1,NA,NA,NA,NA,NA,NA,NA,NA,NA,NA,45,29,4.98,-122,50,5.75,45.4847166666663,-122.834930555555,00810,SW FARMINGTON RD,05153,SW 153RD AVE,1,9,NA,NA,1,INTER,0,1,CROSS,0,0,0,NA,0,NA,NA,4,B,ANGL-OTH,6,TURN,2,FAT,1,CLR,1,DRY,1,DAY,4,STOP SIGN,1,2,COUNTY,129,HILL INV,131,HILL HID,NA,NA,31,RACING,33,RECKLESS,30,SPEED,0,0,0,0,0,1,0,NA,NA,9,SUBURBAN COUNTY ROAD,NA,NA,NA,1,02B,58_209072,NA,0,2021-05-05T23:47:02Z,2,1,1,0,1,2,0,0,0,0,0,0,0,0,0,0,0,0,0,3,3,3,0,0,0,0,0,0,0,0,1,N
1806617,1493,2019-07-14,7,14,2019,1,20,8P,15,Jackson,NA,NA,44,MEDFORD UA,16,U MN-ART,0,NA,NA,NA,NA,NA,NA,NA,NA,NA,NA,42,24,39.37,-122,53,7.28,42.410936111111,-122.885355555555,00778,TABLE ROCK RD,NA,"
    ",NA,5,4.52,NA,1,INTER,1,3,3-LEG,0,0,0,NA,0,NA,NA,6,8,FIX OBJ,9,FIX,2,FAT,1,CLR,1,DRY,1,DAY,1,TRF SIGNAL,1,2,COUNTY,55,TRF SGNL,NA,NA,NA,NA,5,LEFT-CTR,NA,NA,NA,NA,0,0,1,1,0,0,0,NA,NA,9,SUBURBAN COUNTY ROAD,NA,NA,NA,3,08,142_4596,NA,0,2021-05-06T10:51:47Z,1,1,0,0,0,0,0,0,0,0,0,0,0,0,0,0,0,0,0,1,1,0,1,0,1,0,0,0,0,1,0,N
1806629,3083,2019-07-15,7,15,2019,2,3,3A,24,Marion,NA,NA,NA,NA,9,R LOCAL,0,NA,NA,NA,NA,NA,NA,NA,NA,NA,NA,45,0,36.9,-122,58,20.68,45.01025,-122.972411111111,00626,LAKESIDE DR NE,NA,"
    ",NA,0,0.2,NA,3,STRGHT,0,NA,NA,0,0,0,2,NA,0,NONE,3,6,BIKE,3,REAR,2,FAT,1,CLR,1,DRY,3,DARK,99,UNKNOWN,1,2,COUNTY,NA,NA,NA,NA,NA,NA,27,INATTENT,16,FATIGUE,19,NT VISBL,0,0,0,1,0,0,0,NA,NA,6,RURAL COUNTY ROAD,NA,NA,NA,2,03,53_10006308,NA,0,2021-05-05T16:34:16Z,1,1,0,0,0,0,0,1,0,0,0,0,1,1,0,0,0,0,0,1,2,1,1,0,0,0,0,0,0,0,1,N
1806635,1214,2019-07-15,7,15,2019,2,23,11P,22,Linn,NA,NA,1,ALBANY UA,17,U MJ-COL,0,NA,NA,NA,NA,NA,NA,NA,NA,NA,NA,44,36,21.07,-123,3,31.02,44.605852777777,-123.058616666666,00337,SE THREE LAKES RD,NA,"
    ",NA,0,1.43,55,8,BRIDGE,1,NA,NA,0,0,0,2,NA,0,NONE,0,8,FIX OBJ,9,FIX,2,FAT,1,CLR,1,DRY,3,DARK,99,UNKNOWN,1,2,COUNTY,46,BR RAIL,128,CURVE INV,NA,NA,1,TOO-FAST,NA,NA,NA,NA,0,0,0,1,0,1,0,NA,NA,9,SUBURBAN COUNTY ROAD,NA,NA,NA,2,04,19_43005368,NA,0,2021-05-05T14:56:07Z,1,1,0,0,0,0,0,0,0,0,0,0,0,0,0,0,0,0,0,1,1,1,0,0,0,0,0,0,0,0,1,Y
1806774,1122,2019-07-21,7,21,2019,1,2,2A,22,Linn,NA,NA,NA,NA,7,R MJ-COL,0,NA,NA,NA,NA,NA,NA,NA,NA,NA,NA,44,17,29.11,-122,49,14.94,44.2914194444443,-122.820816666667,00017,BRUSH CK RD,NA,"
    ",NA,0,5.23,NA,7,GRADE,1,NA,NA,0,0,0,2,NA,0,NONE,0,8,FIX OBJ,9,FIX,2,FAT,1,CLR,1,DRY,3,DARK,0,NONE,1,2,COUNTY,79,DITCH,10,SUB OTRN,128,CURVE INV,1,TOO-FAST,NA,NA,NA,NA,0,0,1,0,0,1,0,NA,NA,6,RURAL COUNTY ROAD,NA,NA,NA,2,04,19_43003654,NA,0,2021-05-05T15:40:06Z,1,1,0,0,1,1,0,0,0,0,0,0,0,0,0,0,0,0,0,2,2,2,0,0,0,0,0,0,0,1,0,Y
1806775,724,2019-07-23,7,23,2019,3,2,2A,17,Josephine,NA,NA,NA,NA,7,R MJ-COL,0,NA,NA,NA,NA,NA,NA,NA,NA,NA,NA,42,16,17.45,-123,35,35.89,42.2715138888887,-123.593302777777,05200,LAKESHORE DR,NA,"
    ",NA,0,1.35,40,5,CURVE,1,NA,NA,0,0,0,2,NA,0,NONE,7,8,FIX OBJ,9,FIX,2,FAT,1,CLR,1,DRY,3,DARK,99,UNKNOWN,1,1,STATE,79,DITCH,62,TREE,NA,NA,10,OTHR-IMP,NA,NA,NA,NA,0,0,1,0,0,0,0,NA,NA,6,RURAL COUNTY ROAD,NA,NA,NA,3,08,142_19611,NA,0,2021-05-06T12:16:32Z,1,1,0,0,0,0,0,0,0,0,0,0,0,0,0,0,0,0,0,1,1,1,0,0,0,0,0,0,0,1,0,Y
1806776,1009,2019-07-23,7,23,2019,3,18,6P,22,Linn,NA,NA,NA,NA,7,R MJ-COL,0,NA,NA,NA,NA,NA,NA,NA,NA,NA,NA,44,20,51.17,-122,50,53.44,44.3475472222213,-122.848177777777,00017,BRUSH CK RD,NA,"
    ",NA,0,0.62,55,7,GRADE,0,NA,NA,0,0,0,2,NA,0,NONE,5,G,O-STRGHT,2,HEAD,2,FAT,1,CLR,1,DRY,1,DAY,99,UNKNOWN,1,2,COUNTY,128,CURVE INV,NA,NA,NA,NA,1,TOO-FAST,5,LEFT-CTR,33,RECKLESS,NA,NA,1,1,0,1,0,NA,NA,6,RURAL COUNTY ROAD,NA,NA,NA,2,04,19_43005853,NA,0,2021-05-05T14:39:44Z,2,2,0,3,0,3,1,0,0,0,0,0,0,0,0,0,0,0,0,5,5,2,1,2,0,0,0,0,0,0,0,Y
1806780,310,2019-07-06,7,6,2019,7,21,9P,4,Clatsop,NA,NA,NA,NA,9,R LOCAL,0,NA,NA,NA,NA,NA,NA,NA,NA,NA,NA,46,7,55.27,-123,39,59.98,46.1320194444437,-123.666661111111,00409,PIPELINE RD,NA,"
    ",NA,0,0.56,NA,7,GRADE,0,NA,NA,0,0,0,2,NA,0,NONE,5,G,O-STRGHT,2,HEAD,2,FAT,1,CLR,1,DRY,3,DARK,0,NONE,1,2,COUNTY,128,CURVE INV,1,FEL/JUMP,NA,NA,5,LEFT-CTR,NA,NA,NA,NA,0,0,0,1,0,0,0,NA,NA,6,RURAL COUNTY ROAD,NA,NA,NA,2,01,66_4007435,NA,0,2021-05-05T16:35:09Z,2,1,0,0,0,0,0,1,0,0,0,0,0,0,0,0,0,0,0,2,2,2,0,0,0,1,0,0,0,0,1,Y
1806785,145,2019-07-12,7,12,2019,6,16,4P,14,Hood River,NA,NA,NA,NA,7,R MJ-COL,0,NA,NA,NA,NA,NA,NA,NA,NA,NA,NA,45,23,12.15,-121,33,38.47,45.3867083333333,-121.560686111111,NA,"
    ",NA,"
    ",NA,3,NA,NA,7,GRADE,1,NA,NA,0,0,0,2,NA,0,NONE,1,8,FIX OBJ,9,FIX,2,FAT,1,CLR,1,DRY,1,DAY,99,UNKNOWN,1,2,COUNTY,62,TREE,128,CURVE INV,NA,NA,10,OTHR-IMP,NA,NA,NA,NA,0,0,1,0,0,0,0,NA,NA,6,RURAL COUNTY ROAD,NA,NA,NA,1,02C,23_14004284,NA,0,2021-05-06T09:52:55Z,1,1,0,0,0,0,0,0,0,0,0,0,0,0,0,0,0,0,0,1,1,0,1,0,1,0,0,0,0,1,0,Y
1806788,628,2019-07-27,7,27,2019,7,16,4P,17,Josephine,NA,NA,NA,NA,7,R MJ-COL,0,NA,NA,NA,NA,NA,NA,NA,NA,NA,NA,42,16,3.74,-123,34,50.81,42.2677055555547,-123.580780555555,05200,LAKESHORE DR,NA,"
    ",NA,0,2.17,40,5,CURVE,0,NA,NA,0,0,0,2,NA,0,NONE,3,&,OVERTURN,8,NCOL,2,FAT,8,SMOK,1,DRY,1,DAY,0,NONE,1,2,COUNTY,1,FEL/JUMP,NA,NA,NA,NA,1,TOO-FAST,NA,NA,NA,NA,NA,NA,1,1,0,1,0,NA,NA,6,RURAL COUNTY ROAD,NA,NA,NA,3,08,142_17489,NA,0,2021-05-06T12:20:57Z,1,1,0,0,0,0,0,0,0,0,0,0,0,0,0,0,0,0,0,1,1,1,0,0,0,1,0,0,0,0,0,N
1806803,2518,2019-08-02,8,2,2019,6,12,12P,3,Clackamas,NA,NA,57,PORTLAND UA,17,U MJ-COL,0,NA,NA,NA,NA,NA,NA,NA,NA,NA,NA,45,23,59.11,-122,25,17.42,45.3997527777773,-122.421505555555,23011,SE 232ND DR,NA,"
    ",NA,0,0.6,45,7,GRADE,0,NA,NA,0,0,0,2,NA,0,NONE,5,G,O-STRGHT,2,HEAD,2,FAT,3,RAIN,2,WET,1,DAY,0,NONE,1,2,COUNTY,124,SLIPPERY,128,CURVE INV,NA,NA,1,TOO-FAST,5,LEFT-CTR,NA,NA,0,0,1,1,0,1,0,NA,NA,9,SUBURBAN COUNTY ROAD,NA,NA,NA,1,02C,58_337835,NA,0,2021-05-05T14:53:26Z,2,1,0,0,0,0,0,1,0,0,0,0,0,0,0,0,0,0,0,2,2,2,0,0,0,0,0,0,0,0,0,Y
1806810,2780,2019-08-05,8,5,2019,2,6,6A,24,Marion,184,Salem,67,SALEM-KZ UA,16,U MN-ART,0,NA,NA,NA,NA,NA,NA,NA,NA,NA,NA,44,55,48.61,-123,2,33.06,44.9301694444437,-123.042516666666,01432,LIBERTY ST SE,01814,OWENS ST SE,1,7,NA,NA,1,INTER,0,3,3-LEG,0,0,0,NA,0,NA,NA,6,3,PED,0,PED,2,FAT,1,CLR,1,DRY,1,DAY,1,TRF SIGNAL,1,3,CITY,NA,NA,NA,NA,NA,NA,2,NO-YIELD,NA,NA,NA,NA,0,0,0,1,0,0,0,8,"100,001 to 200,000",3,URBAN CITY STREET,NA,NA,NA,2,03,53_10024738,NA,0,2021-05-05T17:29:51Z,1,1,0,0,0,0,0,1,1,1,0,0,0,0,0,0,0,0,0,1,2,1,0,0,0,0,0,0,0,0,0,N
1806815,1704,2019-08-02,8,2,2019,6,19,7P,15,Jackson,NA,NA,44,MEDFORD UA,17,U MJ-COL,0,NA,NA,NA,NA,NA,NA,NA,NA,NA,NA,42,15,11.88,-122,49,7.09,42.2533,-122.818636111111,00641,COLVER RD,NA,"
    ",NA,0,1.69,NA,5,CURVE,1,NA,NA,0,0,0,2,NA,0,NONE,0,8,FIX OBJ,9,FIX,2,FAT,1,CLR,1,DRY,1,DAY,99,UNKNOWN,1,2,COUNTY,79,DITCH,1,FEL/JUMP,NA,NA,10,OTHR-IMP,NA,NA,NA,NA,0,0,1,1,0,0,0,NA,NA,9,SUBURBAN COUNTY ROAD,NA,NA,NA,3,08,142_2275,NA,0,2021-05-06T10:47:57Z,1,1,0,0,0,0,0,0,0,0,0,0,0,0,0,0,0,0,0,1,1,1,0,0,0,1,0,0,0,1,0,Y
1806832,99998,2019-08-02,8,2,2019,6,22,10P,20,Lane,64,Eugene,25,EUGN-SPR UA,16,U MN-ART,0,NA,NA,NA,NA,NA,NA,NA,NA,NA,NA,44,4,2.96,-123,12,30.35,44.0674888888887,-123.208430555555,00941,GREEN HILL RD W,02137,ROYAL AVE NW,1,5,NA,NA,3,STRGHT,0,NA,NA,0,0,0,2,NA,0,NONE,7,6,BIKE,3,REAR,2,FAT,0,UNK,0,UNK,3,DARK,99,UNKNOWN,1,3,CITY,NA,NA,NA,NA,NA,NA,18,IN RDWY,19,NT VISBL,NA,NA,NA,NA,1,1,0,0,0,8,"100,001 to 200,000",3,URBAN CITY STREET,NA,NA,NA,2,05,277_30376,NA,0,2021-05-05T13:51:10Z,1,1,0,0,0,0,0,1,0,0,0,0,1,1,0,0,0,0,0,1,2,1,0,1,0,0,0,0,0,0,0,N
1806842,99999,2019-08-08,8,8,2019,5,22,10P,24,Marion,NA,NA,NA,NA,9,R LOCAL,0,NA,NA,NA,NA,NA,NA,NA,NA,NA,NA,45,1,47.01,-122,56,27.87,45.0297249999997,-122.941074999999,00626,LAKESIDE DR NE,NA,"
    ",NA,0,2.56,NA,3,STRGHT,0,NA,NA,0,0,0,2,NA,0,NONE,3,3,PED,0,PED,2,FAT,3,RAIN,2,WET,3,DARK,99,UNKNOWN,1,2,COUNTY,NA,NA,NA,NA,NA,NA,18,IN RDWY,NA,NA,NA,NA,NA,NA,0,0,0,0,0,NA,NA,6,RURAL COUNTY ROAD,NA,NA,NA,2,03,53_10006307,NA,0,2021-05-05T16:43:17Z,1,1,0,0,0,0,0,1,1,1,0,0,0,0,0,0,0,0,0,1,2,0,0,1,0,0,0,0,0,0,1,N
1806854,115,2019-08-07,8,7,2019,4,15,3P,8,Curry,NA,NA,NA,NA,9,R LOCAL,0,NA,NA,NA,NA,NA,NA,NA,NA,NA,NA,42,38,1.91,-124,3,13.55,42.6338638888883,-124.053763888888,00375A,AGNESS-ILLAHE RD A,NA,"
    ",NA,0,3.26,NA,7,GRADE,1,NA,NA,0,0,0,2,NA,0,NONE,7,8,FIX OBJ,9,FIX,2,FAT,1,CLR,1,DRY,1,DAY,0,NONE,1,2,COUNTY,79,DITCH,10,SUB OTRN,NA,NA,1,TOO-FAST,5,LEFT-CTR,NA,NA,0,0,1,1,0,1,0,NA,NA,6,RURAL COUNTY ROAD,NA,NA,NA,3,07,42_8007304,NA,0,2021-05-05T18:39:51Z,1,1,0,0,0,0,0,0,0,0,0,0,0,0,0,0,0,0,0,1,1,0,1,0,0,0,0,0,0,1,0,Y
1806858,6828,2019-08-12,8,12,2019,2,3,3A,26,Multnomah,245,Portland SE,57,PORTLAND UA,14,U PR-ART,1,NA,NA,NA,NA,NA,NA,NA,NA,NA,NA,45,30,15.11,-122,32,52.83,45.504197222222,-122.548008333333,00614,SE DIVISION ST,05112,SE 112TH AVE,1,9,NA,30,1,INTER,0,1,CROSS,0,0,0,NA,0,NA,NA,3,B,ANGL-OTH,1,ANGL,2,FAT,1,CLR,1,DRY,3,DARK,1,TRF SIGNAL,1,3,CITY,NA,NA,NA,NA,NA,NA,4,DIS SIG,33,RECKLESS,NA,NA,0,0,1,0,0,0,0,9,"Over 200,000",1,PORTLAND CITY STREET,NA,NA,NA,1,02B,58_120123,NA,0,2021-05-05T19:43:22Z,2,1,0,0,0,0,0,1,0,0,0,0,0,0,0,0,0,0,0,2,2,1,0,1,0,0,0,0,0,1,0,N
1806864,2240,2019-08-12,8,12,2019,2,12,12P,20,Lane,NA,NA,NA,NA,7,R MJ-COL,0,NA,NA,NA,NA,NA,NA,NA,NA,NA,NA,43,42,30.81,-123,4,17.1,43.708558333333,-123.071416666667,270000,LONDON RD,270700,WILLIAMS CR LP,1,1,4.29,55,7,GRADE,0,NA,NA,0,0,0,2,NA,0,NONE,5,G,O-STRGHT,2,HEAD,2,FAT,1,CLR,1,DRY,1,DAY,99,UNKNOWN,1,2,COUNTY,1,FEL/JUMP,NA,NA,NA,NA,1,TOO-FAST,5,LEFT-CTR,NA,NA,0,0,0,1,0,1,0,NA,NA,6,RURAL COUNTY ROAD,NA,NA,NA,2,05,277_55911,NA,0,2021-05-06T10:47:19Z,2,1,0,0,0,0,0,1,0,0,0,0,0,0,0,0,0,0,0,2,2,1,0,1,0,1,0,0,0,0,0,Y
1806875,8005,2019-08-16,8,16,2019,6,23,11P,26,Multnomah,243,Portland NE,57,PORTLAND UA,16,U MN-ART,0,NA,NA,NA,NA,NA,NA,NA,NA,NA,NA,45,32,33.9,-122,32,14.89,45.5427499999993,-122.537469444444,02258,NE STANTON ST,05122,NE 122ND AVE,1,9,NA,NA,1,INTER,0,1,CROSS,0,0,0,NA,0,NA,NA,4,H,O-1 L-TURN,6,TURN,2,FAT,2,CLD,1,DRY,2,DLIT,4,STOP SIGN,1,3,CITY,1,FEL/JUMP,NA,NA,NA,NA,2,NO-YIELD,33,RECKLESS,NA,NA,0,0,1,1,0,0,1,9,"Over 200,000",1,PORTLAND CITY STREET,NA,NA,NA,1,02B,58_134855,NA,0,2021-05-05T19:29:39Z,2,1,0,0,0,0,0,1,0,0,0,0,0,0,0,0,0,0,0,2,2,1,0,1,0,1,0,0,0,1,0,N
1806879,3293,2019-08-22,8,22,2019,5,7,7A,24,Marion,184,Salem,67,SALEM-KZ UA,16,U MN-ART,0,NA,NA,NA,NA,NA,NA,NA,NA,NA,NA,44,55,0.12,-123,1,15.72,44.9166999999997,-123.021033333333,01531,MCGILCHRIST ST SE,08019,19TH ST SE,1,9,NA,40,1,INTER,0,3,3-LEG,0,0,0,NA,0,NA,NA,3,H,O-1 L-TURN,6,TURN,2,FAT,1,CLR,1,DRY,1,DAY,4,STOP SIGN,1,3,CITY,1,FEL/JUMP,NA,NA,NA,NA,2,NO-YIELD,NA,NA,NA,NA,0,0,0,1,0,0,0,8,"100,001 to 200,000",3,URBAN CITY STREET,NA,NA,NA,2,03,53_10004055,NA,0,2021-05-05T17:31:37Z,2,1,0,0,1,1,0,0,0,0,0,0,0,0,0,0,0,0,0,2,2,2,0,0,0,1,0,0,0,0,0,N
1806882,466,2019-08-26,8,26,2019,2,15,3P,6,Coos,NA,NA,NA,NA,7,R MJ-COL,0,NA,NA,NA,NA,NA,NA,NA,NA,NA,NA,43,11,45.39,-124,16,58.71,43.1959416666663,-124.282975,00208,BEAVER HILL LN,NA,"
    ",NA,0,0.07,NA,7,GRADE,1,NA,NA,0,0,0,2,NA,0,NONE,0,8,FIX OBJ,9,FIX,2,FAT,1,CLR,1,DRY,1,DAY,0,NONE,1,2,COUNTY,79,DITCH,62,TREE,1,FEL/JUMP,1,TOO-FAST,NA,NA,NA,NA,0,0,0,0,0,1,0,NA,NA,6,RURAL COUNTY ROAD,NA,NA,NA,3,07,41_6006016,NA,0,2021-05-05T17:49:06Z,1,1,0,0,0,0,0,0,0,0,0,0,0,0,0,0,0,0,0,1,1,1,0,0,0,0,0,0,0,0,0,N
